ticket_id,customer_id,created_at,category,resolved
1,3205,2025-04-28,Cancellation,True
2,3205,2025-03-26,Other,True
3,4058,2025-03-12,Technical,True
4,4058,2024-11-28,Billing,True
5,1844,2025-06-08,Account,True
6,1844,2024-11-26,Billing,True
7,1844,2025-06-12,Billing,True
8,3761,2024-12-30,Technical,True
9,3761,2025-05-10,Other,True
10,141,2025-06-16,Billing,True
11,2738,2025-07-25,Technical,True
12,2738,2025-06-30,Technical,True
13,1507,2024-05-03,Technical,True
14,1511,2025-01-25,Technical,True
15,416,2025-02-11,Account,False
16,2243,2024-11-02,Technical,True
17,1634,2024-07-19,Billing,False
18,1634,2025-05-10,Billing,True
19,1634,2025-04-01,Technical,False
20,3087,2025-07-03,Billing,True
21,628,2025-03-04,Other,True
22,628,2024-11-08,Technical,False
23,628,2024-01-11,Billing,True
24,455,2024-09-11,Account,True
25,3199,2025-07-30,Cancellation,True
26,3199,2025-07-22,Other,False
27,2252,2025-03-23,Billing,True
28,2252,2025-07-18,Billing,True
29,2252,2025-06-23,Billing,True
30,1375,2025-07-12,Account,True
31,1375,2025-02-01,Billing,True
32,3996,2025-06-24,Billing,True
33,3996,2025-04-17,Billing,True
34,2198,2025-03-28,Technical,True
35,2198,2024-10-01,Technical,True
36,3336,2025-02-12,Billing,False
37,3956,2025-05-10,Other,True
38,3956,2025-01-08,Technical,False
39,1919,2025-02-28,Other,False
40,1919,2025-05-11,Billing,True
41,1919,2024-12-12,Technical,True
42,4018,2025-06-03,Billing,True
43,4018,2025-06-07,Other,True
44,3530,2025-06-13,Technical,True
45,3530,2025-05-02,Technical,True
46,3530,2025-05-11,Other,True
47,1046,2025-01-26,Billing,True
48,390,2025-06-20,Technical,True
49,390,2024-12-29,Billing,True
50,390,2024-09-17,Cancellation,False
51,386,2024-08-13,Billing,True
52,386,2025-07-04,Cancellation,True
53,1362,2025-06-19,Billing,True
54,1362,2025-04-29,Account,True
55,1362,2025-06-11,Billing,True
56,1364,2025-04-01,Technical,True
57,2572,2025-05-22,Billing,True
58,2572,2024-12-01,Billing,True
59,2572,2025-07-11,Technical,True
60,2908,2025-04-11,Cancellation,True
61,4419,2025-01-21,Other,True
62,477,2024-10-26,Account,True
63,477,2024-11-05,Account,False
64,1985,2025-07-13,Technical,True
65,273,2024-05-09,Technical,True
66,273,2024-07-22,Technical,True
67,273,2024-06-29,Technical,True
68,4414,2025-04-23,Technical,True
69,4054,2025-04-26,Account,True
70,4054,2024-02-04,Billing,True
71,2413,2025-05-16,Technical,True
72,2413,2025-05-28,Account,True
73,2413,2025-05-31,Other,True
74,797,2025-03-26,Other,True
75,3451,2025-01-15,Other,True
76,3451,2024-12-23,Other,True
77,2640,2025-01-19,Other,True
78,2640,2025-04-11,Billing,True
79,2640,2025-02-03,Other,True
80,1066,2025-03-30,Billing,True
81,1066,2024-06-09,Technical,True
82,1066,2025-06-26,Account,True
83,2223,2025-05-21,Cancellation,True
84,3978,2025-05-31,Other,False
85,3978,2024-10-02,Cancellation,True
86,2802,2024-12-09,Billing,True
87,4164,2024-05-16,Technical,True
88,4164,2024-09-30,Other,False
89,3730,2024-11-12,Cancellation,False
90,3730,2025-02-09,Billing,True
91,3730,2025-01-25,Cancellation,False
92,3438,2024-09-26,Technical,True
93,3438,2025-04-11,Other,True
94,3438,2024-09-24,Technical,True
95,2218,2024-11-28,Billing,True
96,2218,2024-05-08,Account,True
97,2218,2024-07-16,Technical,True
98,3563,2024-10-07,Other,True
99,3563,2025-06-20,Technical,True
100,2001,2024-08-22,Billing,True
101,2001,2025-03-10,Account,True
102,2001,2024-09-15,Technical,True
103,3513,2025-01-05,Billing,True
104,3513,2024-04-24,Billing,False
105,3938,2025-07-26,Technical,True
106,3938,2024-11-22,Billing,True
107,3938,2024-09-22,Technical,True
108,2399,2025-03-05,Cancellation,True
109,3746,2024-11-21,Billing,True
110,4660,2025-07-28,Account,False
111,4217,2025-07-23,Account,True
112,468,2025-03-14,Technical,True
113,468,2025-04-06,Technical,True
114,375,2025-07-11,Cancellation,True
115,3118,2025-05-28,Technical,True
116,3118,2025-06-19,Technical,True
117,3118,2025-06-04,Other,True
118,3316,2025-06-15,Technical,True
119,1819,2025-07-08,Account,True
120,1819,2025-05-26,Account,False
121,1819,2025-07-29,Account,True
122,2207,2025-07-14,Account,True
123,2207,2025-06-02,Other,True
124,1738,2025-05-29,Technical,True
125,1738,2025-05-23,Other,True
126,1738,2025-04-25,Technical,True
127,1725,2025-05-29,Technical,True
128,1725,2025-07-05,Technical,True
129,1670,2025-07-22,Account,True
130,1670,2025-07-22,Account,True
131,2133,2025-04-27,Billing,True
132,2133,2025-06-21,Cancellation,True
133,3844,2025-06-27,Technical,True
134,3844,2025-01-08,Technical,True
135,3844,2025-04-16,Cancellation,True
136,332,2024-06-26,Cancellation,False
137,3201,2025-06-08,Account,True
138,3201,2025-03-25,Billing,True
139,3348,2025-07-24,Billing,True
140,3348,2025-05-29,Billing,True
141,3348,2025-07-14,Cancellation,True
142,3528,2025-05-03,Technical,False
143,3528,2025-06-16,Technical,True
144,3528,2025-05-30,Other,True
145,1243,2025-04-03,Technical,True
146,1243,2025-01-28,Technical,True
147,868,2024-01-19,Technical,True
148,868,2024-12-07,Account,True
149,868,2024-03-24,Billing,True
150,611,2025-05-13,Technical,True
151,611,2024-10-19,Other,True
152,611,2024-12-09,Account,True
153,3495,2024-10-27,Technical,True
154,3495,2025-06-01,Technical,True
155,1726,2024-10-29,Billing,True
156,1726,2025-04-20,Other,True
157,1726,2025-03-29,Technical,True
158,4670,2024-10-24,Billing,True
159,4670,2024-12-04,Billing,True
160,1915,2025-02-26,Other,True
161,2930,2025-07-13,Billing,True
162,2930,2025-04-02,Billing,True
163,2030,2024-06-06,Technical,True
164,2030,2025-06-08,Billing,False
165,4171,2025-05-29,Other,True
166,4171,2025-07-23,Technical,True
167,3163,2025-02-05,Billing,True
168,3163,2024-11-29,Technical,True
169,3163,2024-10-16,Account,True
170,2332,2025-05-13,Technical,True
171,2332,2025-06-07,Technical,True
172,4566,2025-07-04,Cancellation,True
173,1536,2025-07-27,Other,False
174,1536,2025-05-16,Other,True
175,655,2025-07-25,Cancellation,True
176,655,2025-06-22,Billing,False
177,2184,2025-04-26,Cancellation,True
178,2184,2024-09-29,Other,True
179,4125,2025-07-21,Technical,True
180,4125,2025-07-14,Billing,True
181,4125,2025-06-14,Cancellation,True
182,4035,2025-06-18,Billing,False
183,4035,2024-09-04,Technical,True
184,3419,2025-01-07,Account,True
185,3419,2024-10-18,Technical,True
186,4534,2025-05-29,Account,True
187,4534,2024-09-18,Cancellation,True
188,4534,2024-10-23,Other,False
189,2185,2025-07-26,Cancellation,True
190,4233,2025-04-23,Billing,True
191,4233,2025-07-15,Billing,True
192,4233,2025-06-17,Technical,True
193,1748,2025-02-24,Billing,True
194,3962,2024-09-11,Billing,True
195,3962,2024-09-02,Technical,True
196,3962,2025-02-14,Other,True
197,221,2025-02-10,Other,True
198,1390,2025-02-16,Billing,True
199,1390,2024-10-31,Cancellation,True
200,1044,2024-09-26,Account,False
201,1044,2025-06-12,Billing,True
202,4481,2024-07-12,Account,True
203,4481,2025-05-30,Technical,False
204,4481,2024-09-18,Billing,True
205,4126,2025-02-22,Billing,True
206,1423,2025-05-12,Technical,True
207,1423,2025-04-30,Technical,False
208,1423,2024-09-08,Billing,True
209,3808,2024-12-05,Billing,False
210,3808,2024-10-26,Billing,True
211,3808,2025-03-07,Technical,True
212,685,2024-12-18,Billing,True
213,685,2025-02-13,Technical,True
214,3065,2025-06-07,Technical,True
215,3065,2025-04-22,Billing,True
216,3065,2025-03-06,Technical,True
217,1069,2024-06-09,Technical,True
218,3288,2025-07-12,Billing,True
219,2173,2025-04-30,Other,True
220,2173,2025-05-18,Technical,True
221,2173,2025-07-30,Technical,True
222,4598,2025-04-09,Billing,True
223,4598,2025-06-20,Technical,False
224,4340,2025-06-29,Other,True
225,4340,2024-12-28,Technical,True
226,4340,2025-06-29,Other,True
227,940,2025-06-10,Account,False
228,940,2025-06-08,Cancellation,True
229,190,2025-01-08,Billing,True
230,190,2024-11-23,Cancellation,True
231,1796,2025-02-26,Account,True
232,1409,2024-08-04,Technical,True
233,1448,2025-01-18,Technical,True
234,1448,2025-01-27,Technical,True
235,1448,2025-02-18,Technical,True
236,4462,2025-06-22,Billing,True
237,4462,2025-03-01,Billing,True
238,4462,2024-06-06,Technical,True
239,1568,2025-04-13,Other,True
240,1568,2024-10-01,Technical,True
241,1568,2024-09-27,Account,True
242,3591,2025-04-09,Billing,True
243,3591,2025-02-23,Technical,True
244,3591,2025-02-11,Technical,True
245,1398,2024-07-06,Account,True
246,1398,2024-07-08,Billing,True
247,1398,2024-04-15,Other,True
248,2425,2025-04-28,Billing,True
249,2425,2025-04-29,Billing,True
250,2425,2025-02-22,Billing,True
251,3266,2024-12-04,Billing,True
252,3266,2025-05-13,Account,True
253,1910,2024-09-07,Billing,True
254,1910,2024-12-14,Account,True
255,1582,2025-04-25,Technical,True
256,2513,2024-12-11,Technical,True
257,2513,2025-05-10,Account,True
258,2513,2025-05-10,Technical,True
259,2412,2025-05-02,Technical,True
260,2412,2025-04-15,Technical,True
261,3665,2025-06-26,Billing,True
262,3665,2025-07-01,Technical,True
263,3665,2025-05-03,Technical,False
264,323,2025-01-05,Cancellation,True
265,323,2024-12-13,Cancellation,True
266,323,2025-07-25,Technical,False
267,3219,2025-01-01,Technical,True
268,3219,2025-04-18,Technical,True
269,1404,2025-07-25,Account,True
270,1404,2025-06-11,Billing,True
271,2013,2024-10-16,Technical,True
272,2013,2025-01-10,Billing,True
273,808,2025-07-30,Technical,True
274,808,2025-06-27,Other,False
275,808,2025-01-26,Account,True
276,2177,2024-11-21,Cancellation,True
277,2177,2025-04-28,Cancellation,False
278,2177,2025-05-08,Cancellation,True
279,4801,2024-08-15,Billing,True
280,4801,2025-07-04,Other,False
281,4801,2025-07-30,Technical,False
282,126,2025-05-19,Billing,True
283,126,2024-12-18,Account,True
284,126,2025-01-15,Technical,True
285,4284,2024-12-04,Technical,True
286,4284,2024-10-18,Cancellation,True
287,1616,2025-03-19,Technical,True
288,1616,2024-09-04,Technical,True
289,4535,2025-01-27,Cancellation,True
290,4535,2025-05-20,Account,False
291,4305,2025-03-07,Cancellation,False
292,4305,2025-04-04,Other,True
293,363,2024-10-18,Other,True
294,363,2024-10-29,Cancellation,True
295,363,2024-10-25,Account,False
296,2739,2025-06-29,Technical,True
297,2739,2025-07-26,Technical,True
298,2739,2025-07-16,Technical,True
299,4474,2025-02-13,Other,False
300,4474,2025-04-03,Billing,True
301,4625,2025-01-15,Technical,True
302,3482,2024-11-06,Account,False
303,3482,2025-04-15,Cancellation,True
304,4715,2024-09-03,Account,True
305,2403,2024-05-23,Billing,True
306,1308,2024-09-26,Cancellation,True
307,1308,2024-09-25,Billing,True
308,4036,2024-08-17,Billing,True
309,4036,2024-07-21,Technical,True
310,3255,2025-06-10,Technical,True
311,2220,2024-08-07,Technical,True
312,2220,2025-06-20,Technical,True
313,2220,2024-05-02,Billing,True
314,4876,2025-07-24,Billing,False
315,4876,2025-04-23,Billing,True
316,4876,2025-07-18,Billing,True
317,1365,2025-06-11,Cancellation,False
318,2154,2025-01-11,Technical,True
319,3812,2025-06-03,Billing,True
320,3812,2025-05-05,Technical,True
321,3812,2025-04-18,Account,True
322,1548,2024-12-17,Account,True
323,1548,2025-05-25,Cancellation,True
324,3124,2025-07-29,Billing,True
325,3124,2025-06-06,Billing,True
326,3124,2025-06-29,Account,False
327,4505,2025-06-04,Technical,False
328,4505,2025-06-23,Billing,True
329,4505,2025-07-04,Billing,True
330,2584,2025-02-06,Other,True
331,2584,2024-07-15,Other,True
332,2584,2024-05-14,Cancellation,False
333,4779,2025-04-25,Billing,True
334,4779,2025-05-11,Billing,True
335,4779,2025-04-08,Other,True
336,159,2025-06-08,Account,True
337,159,2025-07-23,Billing,True
338,2369,2025-03-18,Technical,False
339,3757,2025-07-14,Account,True
340,3433,2025-07-06,Cancellation,True
341,3433,2025-06-07,Account,True
342,4495,2025-05-31,Cancellation,True
343,4495,2025-06-17,Technical,True
344,963,2024-09-09,Billing,True
345,963,2024-10-31,Technical,True
346,963,2024-12-16,Cancellation,True
347,1058,2025-05-28,Other,True
348,1547,2025-05-18,Billing,True
349,1547,2024-10-01,Account,True
350,4415,2025-03-14,Billing,True
351,4415,2025-04-20,Account,True
352,4415,2025-05-10,Billing,True
353,311,2025-03-04,Other,True
354,4033,2025-06-12,Account,True
355,1587,2024-08-30,Billing,False
356,4213,2025-06-03,Technical,False
357,2062,2025-06-12,Billing,True
358,2062,2025-06-20,Cancellation,True
359,3758,2024-09-06,Billing,True
360,3758,2025-05-04,Billing,True
361,3758,2024-12-28,Technical,False
362,2439,2025-07-20,Technical,True
363,2351,2024-04-21,Technical,True
364,2351,2025-06-02,Account,True
365,2351,2024-08-14,Account,True
366,372,2024-10-29,Billing,True
367,372,2024-12-30,Cancellation,True
368,4942,2024-10-28,Technical,True
369,4942,2024-06-13,Other,False
370,4942,2024-07-25,Billing,True
371,3208,2025-06-09,Account,False
372,3208,2025-05-27,Billing,True
373,3208,2025-07-15,Account,True
374,4019,2024-11-29,Account,False
375,4019,2024-11-19,Technical,True
376,4019,2025-06-01,Technical,False
377,2099,2025-07-18,Technical,True
378,4631,2024-10-05,Billing,True
379,4631,2024-08-24,Technical,False
380,4631,2025-06-06,Cancellation,True
381,3575,2025-03-23,Account,True
382,1710,2025-05-12,Cancellation,True
383,359,2025-06-24,Account,True
384,1522,2025-07-08,Technical,True
385,1522,2025-06-11,Technical,True
386,1522,2025-07-28,Other,True
387,4045,2024-12-06,Other,True
388,4045,2025-04-08,Technical,True
389,239,2025-06-29,Billing,True
390,2577,2024-08-21,Account,True
391,891,2024-11-13,Billing,True
392,4402,2024-08-27,Billing,False
393,4402,2024-12-29,Billing,True
394,4402,2024-12-03,Technical,False
395,3295,2025-06-02,Other,True
396,4463,2025-06-28,Billing,True
397,3680,2025-05-24,Cancellation,True
398,3680,2025-01-27,Billing,True
399,3680,2024-07-31,Technical,True
400,2617,2024-08-30,Billing,True
401,411,2025-06-05,Cancellation,True
402,490,2025-04-03,Technical,True
403,4607,2025-07-20,Account,True
404,4607,2025-06-08,Technical,True
405,4607,2025-06-15,Account,True
406,4073,2025-03-26,Account,True
407,3080,2024-07-29,Technical,True
408,3080,2025-01-29,Technical,False
409,3080,2025-04-08,Cancellation,False
410,4606,2024-12-14,Billing,True
411,4606,2024-12-03,Billing,True
412,4319,2024-04-21,Other,True
413,4319,2024-04-13,Account,True
414,757,2025-07-10,Technical,False
415,4298,2024-12-25,Other,True
416,4298,2025-07-02,Billing,False
417,4298,2025-05-22,Account,True
418,2363,2025-06-28,Other,True
419,444,2025-05-29,Technical,True
420,444,2025-07-01,Cancellation,True
421,444,2025-06-27,Account,True
422,1231,2025-07-26,Other,True
423,1092,2024-07-28,Account,True
424,1092,2024-11-09,Technical,True
425,1092,2025-04-27,Technical,False
426,2755,2024-03-29,Cancellation,True
427,2043,2025-03-26,Cancellation,True
428,2043,2025-04-27,Billing,True
429,2043,2025-06-11,Cancellation,True
430,461,2025-04-14,Cancellation,True
431,793,2024-07-19,Technical,False
432,793,2024-08-31,Account,True
433,2597,2024-10-12,Technical,True
434,1164,2024-06-13,Technical,True
435,1164,2025-05-10,Account,True
436,1164,2025-04-03,Billing,False
437,665,2025-03-09,Cancellation,True
438,3682,2025-04-19,Cancellation,False
439,3682,2024-04-20,Technical,True
440,4201,2025-04-17,Technical,True
441,3848,2024-07-05,Technical,False
442,3816,2025-07-06,Account,True
443,813,2025-05-21,Cancellation,True
444,813,2025-06-12,Cancellation,True
445,813,2025-07-16,Technical,False
446,1473,2025-06-13,Technical,True
447,3156,2024-07-07,Account,True
448,3156,2024-03-07,Billing,False
449,3156,2024-07-06,Billing,True
450,2432,2025-03-13,Billing,False
451,3564,2025-06-21,Technical,True
452,3564,2025-07-19,Technical,True
453,3564,2025-03-23,Technical,True
454,3332,2025-05-08,Account,True
455,3332,2024-08-07,Technical,True
456,4577,2024-01-27,Technical,True
457,1135,2025-06-12,Billing,True
458,1135,2025-05-04,Technical,True
459,1135,2025-06-30,Technical,True
460,4005,2025-07-27,Cancellation,True
461,4005,2025-02-21,Cancellation,True
462,4005,2024-12-04,Technical,True
463,4545,2024-11-23,Technical,True
464,4545,2024-07-24,Account,True
465,4545,2025-02-03,Account,True
466,2604,2024-12-02,Technical,False
467,2604,2024-10-27,Billing,True
468,2822,2024-11-24,Cancellation,True
469,831,2025-03-14,Billing,True
470,831,2025-05-21,Account,True
471,3925,2024-12-08,Cancellation,False
472,3925,2025-05-24,Cancellation,True
473,2982,2025-07-28,Account,True
474,2982,2025-01-18,Technical,True
475,2982,2025-06-30,Technical,True
476,2905,2025-05-26,Technical,True
477,2905,2025-03-31,Account,True
478,2905,2025-04-29,Technical,True
479,631,2024-08-17,Cancellation,True
480,631,2024-07-18,Billing,True
481,631,2024-07-19,Other,True
482,2431,2025-06-10,Account,True
483,4288,2025-07-28,Other,True
484,4288,2025-06-09,Account,True
485,3160,2025-04-05,Cancellation,True
486,3535,2025-03-27,Technical,True
487,4870,2024-10-27,Other,True
488,4949,2025-07-05,Technical,True
489,4949,2025-06-04,Other,False
490,4949,2025-05-23,Other,True
491,2919,2025-07-12,Technical,False
492,2919,2025-07-03,Billing,True
493,2682,2024-11-12,Technical,True
494,2682,2025-02-05,Other,False
495,2682,2024-11-05,Other,False
496,403,2025-07-20,Other,False
497,4772,2025-03-21,Technical,True
498,4772,2025-07-25,Cancellation,True
499,677,2025-07-22,Cancellation,True
500,1194,2025-06-16,Technical,True
501,1296,2025-04-25,Cancellation,True
502,1296,2024-12-23,Technical,True
503,1296,2024-10-11,Technical,True
504,4111,2025-03-16,Technical,False
505,4111,2025-05-12,Technical,True
506,3814,2024-09-27,Technical,True
507,3814,2025-07-15,Billing,True
508,3031,2024-02-08,Cancellation,True
509,3031,2025-07-19,Billing,False
510,3031,2025-05-23,Technical,True
511,4882,2024-11-24,Account,True
512,3841,2025-03-26,Cancellation,True
513,3841,2025-07-16,Technical,True
514,3841,2025-04-29,Other,True
515,4730,2025-02-01,Account,True
516,4366,2025-07-08,Technical,True
517,4366,2025-07-28,Account,True
518,4366,2025-06-21,Account,True
519,2430,2025-06-21,Technical,False
520,2430,2025-06-18,Other,True
521,2586,2025-06-12,Other,True
522,2586,2025-06-21,Billing,False
523,799,2025-02-12,Other,True
524,799,2024-08-20,Technical,True
525,799,2025-07-17,Billing,True
526,617,2024-07-04,Billing,True
527,1017,2025-05-16,Billing,True
528,3114,2025-07-23,Cancellation,False
529,3114,2024-06-23,Technical,True
530,2979,2024-10-12,Billing,True
531,2979,2025-06-13,Technical,True
532,3948,2024-12-05,Other,True
533,3161,2025-05-06,Technical,True
534,4313,2025-03-23,Billing,True
535,4313,2025-07-18,Cancellation,True
536,1054,2025-06-16,Billing,False
537,2051,2025-06-02,Account,True
538,2051,2025-07-09,Billing,True
539,2051,2025-07-12,Technical,True
540,2878,2024-07-05,Other,True
541,2878,2024-07-28,Billing,False
542,2878,2024-02-21,Other,True
543,1606,2024-12-30,Billing,True
544,1606,2025-03-21,Billing,True
545,39,2025-01-21,Billing,True
546,2339,2024-11-22,Technical,False
547,4985,2024-10-30,Technical,True
548,4985,2025-03-17,Billing,True
549,4985,2025-06-22,Technical,True
550,2971,2025-05-19,Technical,True
551,899,2024-08-28,Account,True
552,899,2025-07-30,Technical,True
553,899,2024-07-08,Account,True
554,4487,2024-07-22,Cancellation,True
555,4487,2024-06-20,Cancellation,True
556,4487,2025-05-20,Cancellation,True
557,3936,2025-05-18,Billing,True
558,3936,2025-05-28,Billing,True
559,4587,2025-06-29,Billing,True
560,4587,2025-07-11,Account,True
561,1031,2024-12-12,Billing,True
562,1031,2025-01-09,Billing,True
563,2684,2025-04-03,Billing,False
564,2684,2025-04-27,Cancellation,True
565,2684,2025-06-14,Billing,True
566,2240,2025-06-17,Account,False
567,1452,2025-01-04,Technical,True
568,1452,2024-03-26,Billing,True
569,1452,2024-07-03,Other,True
570,4551,2025-01-24,Other,True
571,4551,2025-01-25,Cancellation,True
572,4551,2025-01-21,Billing,True
573,423,2025-05-12,Technical,True
574,423,2024-08-13,Account,True
575,423,2024-12-16,Other,True
576,560,2024-06-30,Technical,True
577,3285,2025-06-21,Cancellation,True
578,3285,2025-04-08,Billing,True
579,648,2025-01-19,Cancellation,True
580,648,2025-01-19,Account,True
581,2708,2025-04-01,Cancellation,True
582,2723,2025-05-05,Technical,True
583,366,2025-07-05,Account,True
584,366,2024-11-30,Other,True
585,366,2025-07-24,Other,True
586,1230,2025-03-11,Billing,True
587,1230,2025-07-18,Other,True
588,2718,2025-05-03,Billing,False
589,2718,2025-04-21,Billing,True
590,2718,2025-06-18,Billing,False
591,3457,2024-10-03,Billing,True
592,1427,2024-11-09,Cancellation,True
593,1427,2024-11-18,Cancellation,False
594,1427,2024-09-05,Account,False
595,966,2025-04-09,Other,False
596,4538,2025-01-26,Technical,True
597,2601,2025-06-04,Account,True
598,2601,2025-06-13,Billing,False
599,766,2025-05-01,Billing,True
600,932,2024-10-03,Technical,True
601,932,2024-07-01,Billing,True
602,2027,2025-02-02,Billing,True
603,2027,2025-02-24,Cancellation,True
604,3790,2025-06-06,Billing,True
605,3790,2025-05-18,Technical,True
606,3790,2025-07-30,Billing,True
607,122,2025-04-09,Other,True
608,122,2025-01-17,Cancellation,True
609,1417,2025-06-22,Other,False
610,1417,2025-06-29,Technical,True
611,2594,2025-04-20,Technical,True
612,2594,2025-03-28,Technical,True
613,3774,2024-10-28,Technical,True
614,3774,2024-09-04,Billing,True
615,3774,2024-10-24,Technical,True
616,266,2024-09-11,Billing,False
617,266,2025-03-21,Technical,True
618,266,2024-09-28,Cancellation,True
619,4700,2024-10-21,Cancellation,True
620,4700,2025-07-20,Account,True
621,4700,2025-06-08,Technical,True
622,17,2025-05-13,Technical,True
623,17,2025-03-01,Account,False
624,3023,2025-05-31,Technical,True
625,1783,2025-06-02,Technical,True
626,3116,2025-07-18,Billing,False
627,3678,2025-07-03,Billing,False
628,3678,2025-04-02,Billing,True
629,3026,2024-08-07,Technical,True
630,3026,2024-04-07,Technical,True
631,3026,2025-06-09,Technical,True
632,1496,2024-07-27,Other,False
633,1571,2024-09-14,Billing,True
634,1571,2024-12-02,Technical,True
635,1571,2024-03-13,Other,True
636,2141,2025-07-20,Cancellation,True
637,2141,2025-05-21,Billing,True
638,3342,2025-04-28,Account,True
639,4580,2025-04-21,Account,True
640,4580,2024-07-02,Account,True
641,3453,2024-09-29,Technical,True
642,3453,2024-12-15,Technical,False
643,1079,2025-04-25,Billing,True
644,1079,2025-07-28,Cancellation,False
645,1079,2025-03-28,Cancellation,True
646,339,2025-06-01,Technical,False
647,2832,2025-04-03,Cancellation,True
648,2832,2025-03-01,Billing,False
649,2526,2024-04-19,Technical,True
650,2526,2024-03-23,Billing,True
651,2526,2024-12-31,Cancellation,True
652,1503,2025-02-28,Account,False
653,1503,2025-02-05,Billing,True
654,2079,2024-05-08,Billing,True
655,2079,2025-02-11,Billing,True
656,2078,2025-02-08,Other,True
657,2078,2025-04-27,Other,True
658,2078,2025-03-15,Cancellation,True
659,2879,2025-07-25,Cancellation,False
660,2879,2025-07-14,Account,False
661,2879,2025-07-07,Other,True
662,4246,2024-08-05,Other,True
663,4246,2024-11-28,Cancellation,True
664,3929,2025-02-11,Cancellation,True
665,4040,2025-04-10,Technical,True
666,3629,2025-06-28,Cancellation,True
667,3629,2024-08-08,Technical,True
668,3629,2024-06-14,Technical,True
669,784,2025-07-23,Other,True
670,784,2025-06-10,Technical,True
671,784,2025-06-07,Technical,False
672,2212,2025-07-09,Account,True
673,796,2025-01-04,Technical,True
674,796,2025-01-31,Cancellation,False
675,796,2025-07-13,Technical,True
676,4826,2025-01-28,Cancellation,True
677,1491,2024-12-18,Billing,True
678,1491,2025-07-25,Cancellation,True
679,1491,2025-05-06,Cancellation,True
680,1679,2024-10-01,Cancellation,True
681,1679,2024-10-29,Technical,True
682,1327,2025-03-29,Technical,True
683,726,2025-07-10,Technical,True
684,2059,2024-12-27,Billing,False
685,2059,2025-01-31,Other,True
686,609,2025-03-26,Billing,True
687,609,2025-04-17,Billing,True
688,178,2025-04-09,Technical,True
689,178,2025-07-07,Account,True
690,178,2025-01-05,Technical,True
691,163,2025-05-13,Technical,True
692,163,2025-02-21,Billing,False
693,163,2025-03-06,Billing,False
694,4563,2025-03-06,Other,True
695,4563,2025-03-10,Technical,True
696,4810,2024-08-27,Billing,False
697,4810,2025-04-01,Cancellation,False
698,4810,2025-06-12,Account,False
699,1833,2025-05-15,Account,True
700,1396,2025-02-11,Billing,True
701,102,2025-05-20,Cancellation,True
702,102,2025-07-20,Billing,True
703,4226,2025-06-29,Billing,True
704,2615,2025-02-07,Billing,True
705,2615,2025-07-11,Technical,True
706,2615,2025-03-01,Billing,True
707,798,2025-07-12,Account,True
708,798,2025-06-02,Technical,True
709,798,2025-05-16,Technical,True
710,1526,2025-05-13,Other,True
711,1639,2025-02-25,Cancellation,True
712,1639,2025-06-29,Other,True
713,1639,2025-05-18,Other,True
714,2060,2025-04-16,Cancellation,True
715,2060,2025-04-08,Billing,True
716,2060,2024-12-21,Technical,True
717,1210,2024-08-02,Technical,True
718,1210,2024-06-04,Billing,True
719,1165,2025-03-05,Billing,True
720,1165,2025-03-04,Billing,True
721,1004,2025-05-24,Billing,True
722,1897,2025-01-07,Technical,True
723,3950,2025-05-16,Technical,True
724,3950,2025-05-30,Technical,True
725,4363,2025-06-05,Billing,True
726,3406,2025-07-06,Account,True
727,3406,2025-02-05,Account,False
728,3406,2025-05-31,Technical,False
729,3579,2024-09-09,Technical,True
730,1302,2024-06-03,Cancellation,True
731,3211,2025-04-26,Technical,True
732,3701,2025-01-13,Cancellation,True
733,3701,2025-05-03,Cancellation,True
734,2262,2025-02-10,Other,True
735,2722,2025-04-18,Technical,True
736,2906,2025-07-09,Billing,True
737,2906,2024-05-17,Account,True
738,2906,2024-08-14,Technical,False
739,3104,2025-07-01,Other,True
740,3104,2025-05-10,Billing,True
741,3104,2025-07-23,Cancellation,False
742,338,2025-06-28,Other,True
743,1487,2024-07-03,Account,True
744,3645,2025-04-20,Billing,True
745,1133,2025-05-26,Cancellation,True
746,1133,2024-12-26,Technical,True
747,1133,2025-05-20,Billing,True
748,4010,2025-05-16,Cancellation,False
749,4946,2025-02-03,Cancellation,True
750,1259,2025-04-14,Other,True
751,4927,2025-03-04,Billing,True
752,4927,2024-10-10,Account,True
753,352,2025-05-04,Cancellation,True
754,2820,2025-06-09,Billing,True
755,2820,2025-04-27,Technical,True
756,2820,2025-02-09,Technical,True
757,1485,2024-07-18,Technical,False
758,1485,2024-09-19,Account,True
759,4668,2024-12-25,Technical,True
760,2100,2025-07-22,Other,True
761,2100,2025-07-21,Billing,True
762,2100,2025-03-31,Billing,True
763,2984,2025-05-03,Account,True
764,2984,2025-05-09,Account,True
765,4999,2025-03-12,Cancellation,True
766,205,2025-06-19,Cancellation,True
767,205,2025-07-06,Technical,True
768,205,2025-06-19,Cancellation,True
769,3177,2025-04-09,Account,True
770,3177,2025-03-10,Billing,True
771,781,2025-04-13,Account,True
772,1186,2025-05-18,Account,True
773,1186,2025-02-18,Billing,True
774,1186,2025-06-29,Billing,True
775,204,2025-04-23,Billing,True
776,3252,2025-01-29,Cancellation,True
777,4773,2025-05-24,Cancellation,True
778,1109,2024-10-24,Technical,True
779,1109,2025-04-06,Billing,True
780,4723,2025-04-21,Other,False
781,4723,2025-03-26,Other,True
782,4723,2025-03-05,Billing,True
783,2447,2025-06-09,Billing,True
784,2447,2025-07-25,Account,True
785,2447,2025-07-05,Account,True
786,4084,2024-09-26,Cancellation,True
787,4084,2025-02-15,Billing,True
788,459,2025-02-02,Billing,False
789,1520,2025-02-12,Account,True
790,1520,2024-12-11,Other,True
791,2643,2025-06-11,Technical,True
792,2643,2024-10-15,Cancellation,False
793,2162,2024-12-06,Billing,True
794,2162,2025-03-24,Technical,False
795,3265,2025-03-01,Account,False
796,3265,2025-02-11,Technical,True
797,62,2025-02-14,Technical,True
798,62,2025-03-05,Billing,True
799,62,2025-04-14,Billing,True
800,2293,2024-08-25,Billing,True
801,2293,2024-06-11,Account,False
802,4646,2025-05-15,Technical,True
803,4646,2025-06-05,Account,True
804,4646,2025-06-14,Billing,True
805,3828,2025-04-29,Other,True
806,1274,2025-04-26,Cancellation,True
807,2673,2024-08-11,Account,True
808,2673,2024-06-27,Technical,True
809,4405,2024-10-12,Technical,False
810,1443,2025-07-18,Other,True
811,1443,2025-03-02,Other,True
812,4441,2025-05-10,Cancellation,False
813,250,2025-01-31,Other,True
814,250,2025-06-29,Cancellation,True
815,1744,2024-08-29,Other,True
816,1744,2025-01-22,Cancellation,True
817,1744,2025-05-24,Cancellation,True
818,1381,2025-06-23,Other,False
819,1381,2025-05-30,Technical,True
820,1825,2024-12-05,Technical,True
821,1825,2025-04-11,Technical,True
822,1825,2025-06-10,Cancellation,True
823,1556,2025-01-10,Technical,True
824,2853,2025-04-17,Technical,True
825,2853,2025-07-09,Billing,True
826,2853,2025-04-22,Billing,True
827,3599,2024-10-18,Billing,True
828,3599,2024-08-21,Billing,True
829,438,2025-05-29,Cancellation,True
830,283,2025-06-20,Cancellation,True
831,283,2025-04-08,Technical,True
832,283,2025-07-28,Cancellation,True
833,3504,2024-06-05,Technical,True
834,3504,2024-06-05,Billing,True
835,4956,2025-05-04,Technical,True
836,4956,2025-02-16,Technical,True
837,68,2025-04-17,Billing,True
838,68,2025-01-01,Billing,False
839,1209,2025-02-08,Technical,True
840,1209,2025-02-14,Technical,True
841,2836,2025-05-17,Technical,True
842,2836,2024-12-28,Technical,True
843,2836,2025-05-24,Billing,True
844,3646,2025-07-02,Billing,True
845,3646,2025-06-10,Cancellation,True
846,3320,2024-12-13,Cancellation,True
847,2793,2024-10-29,Billing,True
848,2793,2025-04-10,Cancellation,True
849,2793,2024-10-21,Account,True
850,482,2025-07-12,Technical,False
851,658,2025-05-30,Technical,True
852,658,2025-06-01,Technical,True
853,658,2025-04-30,Billing,True
854,4515,2025-04-26,Technical,True
855,4515,2025-07-01,Billing,False
856,4515,2025-06-16,Technical,True
857,2056,2024-06-05,Account,False
858,2056,2024-12-24,Billing,True
859,2056,2024-10-02,Other,True
860,2501,2025-06-17,Cancellation,True
861,2501,2024-06-18,Account,True
862,512,2025-03-12,Technical,True
863,512,2025-02-11,Other,True
864,512,2025-06-21,Billing,True
865,4776,2025-03-21,Cancellation,True
866,4776,2025-05-20,Technical,True
867,4776,2025-01-25,Billing,True
868,21,2024-08-07,Technical,False
869,21,2025-07-20,Account,True
870,21,2024-07-28,Cancellation,True
871,1033,2025-05-10,Account,True
872,1033,2025-03-07,Billing,True
873,1033,2024-12-13,Technical,False
874,2470,2025-07-09,Other,True
875,2470,2025-06-21,Account,True
876,2470,2025-07-19,Cancellation,True
877,3434,2025-07-12,Account,True
878,3604,2024-12-13,Billing,True
879,3604,2025-01-27,Other,True
880,3604,2025-02-01,Account,True
881,4309,2025-02-08,Technical,True
882,4309,2024-10-17,Account,True
883,4309,2025-05-14,Technical,True
884,50,2025-06-07,Account,True
885,2967,2025-01-23,Billing,True
886,2967,2025-04-10,Account,True
887,2967,2025-02-09,Account,True
888,3081,2024-07-04,Technical,True
889,1755,2025-01-15,Other,True
890,1755,2025-01-01,Cancellation,True
891,1755,2024-09-08,Technical,False
892,227,2025-06-26,Account,False
893,4825,2025-05-23,Technical,True
894,2916,2025-04-03,Cancellation,True
895,3681,2025-04-12,Account,False
896,3681,2025-05-10,Technical,True
897,3681,2025-06-12,Technical,True
898,1560,2025-01-12,Billing,True
899,1560,2025-03-27,Billing,True
900,995,2025-04-05,Account,True
901,995,2024-11-01,Billing,True
902,995,2025-06-18,Technical,True
903,4681,2025-07-09,Technical,True
904,4681,2024-09-10,Technical,True
905,4681,2024-08-11,Billing,True
906,1406,2024-11-21,Account,True
907,1406,2025-04-24,Account,True
908,3384,2025-06-21,Billing,True
909,2416,2024-12-05,Other,True
910,3801,2024-08-18,Technical,True
911,3801,2024-07-30,Billing,True
912,3801,2024-09-12,Cancellation,True
913,3850,2024-12-28,Other,True
914,3850,2025-05-16,Technical,True
915,3850,2025-03-01,Technical,True
916,3006,2025-07-08,Account,False
917,3006,2025-05-05,Other,True
918,3713,2025-06-18,Billing,True
919,3713,2025-07-06,Billing,True
920,1836,2025-07-26,Other,True
921,1836,2025-03-29,Account,True
922,3248,2025-06-12,Billing,False
923,3248,2025-04-30,Other,True
924,3248,2025-06-12,Technical,True
925,659,2025-06-19,Cancellation,False
926,2492,2025-01-19,Billing,False
927,2492,2024-12-01,Other,True
928,3612,2025-06-05,Technical,True
929,1312,2025-07-07,Billing,True
930,1119,2025-05-24,Cancellation,True
931,1119,2025-06-16,Cancellation,True
932,1368,2024-10-25,Cancellation,True
933,1368,2025-04-18,Other,False
934,1368,2025-06-09,Other,True
935,1515,2025-06-01,Billing,True
936,589,2025-01-30,Account,True
937,3344,2025-06-29,Technical,True
938,3344,2025-04-06,Billing,True
939,3344,2024-12-15,Technical,True
940,4159,2025-05-13,Technical,False
941,4159,2025-06-20,Billing,True
942,4159,2025-06-13,Technical,True
943,1523,2025-06-02,Technical,False
944,1523,2025-04-16,Technical,True
945,740,2025-04-29,Cancellation,False
946,740,2025-07-24,Technical,True
947,3302,2025-05-24,Technical,True
948,3302,2024-12-02,Billing,True
949,4863,2024-07-14,Billing,False
950,4863,2025-03-17,Billing,True
951,1174,2024-04-07,Billing,True
952,1174,2024-05-29,Billing,True
953,4570,2024-10-15,Technical,True
954,4570,2025-04-11,Other,True
955,2740,2025-07-09,Technical,True
956,2740,2025-06-19,Account,False
957,2740,2025-04-24,Technical,True
958,4951,2025-03-24,Billing,True
959,4951,2025-05-17,Technical,True
960,4951,2025-04-26,Billing,True
961,3890,2024-09-09,Billing,True
962,3890,2024-11-20,Cancellation,True
963,6,2024-03-18,Technical,True
964,348,2025-04-22,Billing,False
965,348,2025-05-19,Account,True
966,364,2025-02-13,Account,True
967,1806,2025-04-04,Billing,True
968,1806,2025-03-14,Technical,True
969,3903,2024-08-21,Technical,False
970,3903,2025-04-07,Technical,True
971,4604,2025-06-16,Technical,True
972,422,2025-07-29,Billing,True
973,134,2025-04-05,Billing,False
974,1057,2025-07-28,Account,True
975,884,2024-06-28,Other,False
976,104,2025-05-24,Billing,True
977,3872,2025-02-20,Billing,True
978,3872,2025-03-19,Technical,True
979,3872,2025-01-26,Technical,True
980,4346,2025-01-23,Other,True
981,4346,2024-11-15,Billing,True
982,4346,2024-07-05,Cancellation,True
983,100,2024-09-04,Technical,False
984,100,2025-05-12,Technical,True
985,1271,2025-06-01,Account,True
986,1271,2025-05-20,Cancellation,True
987,1625,2025-05-05,Account,True
988,1625,2025-04-06,Technical,True
989,1984,2025-04-09,Cancellation,True
990,1984,2024-10-10,Billing,True
991,596,2024-09-28,Cancellation,True
992,2680,2024-11-06,Billing,True
993,2680,2025-06-07,Technical,True
994,2680,2025-02-24,Cancellation,True
995,3795,2025-02-14,Billing,False
996,3795,2025-07-04,Technical,True
997,3795,2025-05-10,Technical,True
998,708,2024-09-14,Billing,True
999,708,2024-08-27,Billing,True
1000,827,2025-03-08,Billing,False
1001,827,2024-10-07,Account,True
1002,827,2024-11-28,Technical,True
1003,3698,2025-05-12,Billing,True
1004,3698,2025-07-25,Technical,True
1005,3698,2025-05-14,Technical,True
1006,435,2025-07-29,Technical,True
1007,435,2025-06-04,Billing,True
1008,676,2025-04-11,Technical,True
1009,676,2024-12-25,Cancellation,True
1010,2489,2025-02-09,Account,True
1011,2489,2024-12-29,Cancellation,True
1012,1657,2025-02-26,Other,True
1013,55,2025-02-02,Technical,True
1014,2609,2025-05-03,Cancellation,True
1015,2609,2025-06-11,Billing,False
1016,1176,2025-07-07,Technical,True
1017,3751,2025-06-23,Account,True
1018,3751,2024-12-29,Account,False
1019,2342,2025-06-01,Technical,False
1020,2342,2025-05-11,Technical,True
1021,2342,2025-05-09,Technical,False
1022,4079,2025-05-06,Cancellation,True
1023,4079,2024-02-07,Technical,True
1024,4079,2024-02-29,Billing,False
1025,186,2025-07-11,Cancellation,True
1026,186,2025-07-25,Billing,True
1027,1813,2025-06-11,Billing,True
1028,1813,2025-01-26,Cancellation,True
1029,1813,2025-05-28,Cancellation,False
1030,3726,2025-05-22,Technical,True
1031,3726,2024-06-27,Billing,True
1032,2362,2025-06-14,Other,True
1033,34,2025-07-08,Cancellation,True
1034,34,2025-06-09,Cancellation,True
1035,34,2025-05-30,Technical,False
1036,1852,2025-05-22,Technical,True
1037,2628,2025-06-03,Account,True
1038,2628,2024-11-19,Technical,True
1039,4921,2025-07-18,Cancellation,True
1040,4921,2025-05-14,Billing,True
1041,2409,2025-05-07,Billing,True
1042,2409,2025-02-02,Billing,True
1043,4898,2025-06-27,Technical,True
1044,737,2025-03-28,Technical,True
1045,737,2025-04-29,Billing,False
1046,737,2025-02-14,Billing,True
1047,1516,2025-05-08,Account,True
1048,1516,2025-01-19,Billing,True
1049,1516,2025-03-28,Billing,True
1050,2032,2025-07-17,Other,True
1051,1299,2025-04-05,Account,True
1052,1870,2024-10-18,Billing,True
1053,1870,2025-01-05,Billing,True
1054,1870,2024-08-11,Billing,False
1055,1810,2024-10-27,Billing,True
1056,3567,2025-03-15,Technical,True
1057,3567,2024-10-19,Technical,True
1058,725,2025-07-02,Billing,True
1059,725,2025-02-25,Technical,True
1060,4336,2025-05-03,Technical,True
1061,244,2024-10-04,Billing,False
1062,244,2024-05-18,Technical,True
1063,969,2025-07-24,Account,False
1064,969,2025-03-29,Technical,True
1065,969,2025-03-20,Technical,True
1066,1753,2025-04-15,Other,True
1067,1753,2025-02-07,Technical,True
1068,4841,2024-07-07,Cancellation,False
1069,4841,2024-05-22,Cancellation,False
1070,397,2025-05-20,Cancellation,True
1071,4279,2025-06-18,Technical,True
1072,4279,2025-07-03,Account,True
1073,4279,2025-07-12,Technical,True
1074,156,2024-07-16,Technical,True
1075,156,2024-12-26,Billing,True
1076,2090,2025-07-03,Technical,False
1077,2090,2025-06-15,Billing,True
1078,447,2025-04-05,Technical,True
1079,447,2025-02-20,Technical,True
1080,447,2024-12-25,Technical,True
1081,3724,2025-06-19,Other,False
1082,3724,2025-05-06,Other,True
1083,3724,2025-07-25,Billing,True
1084,4062,2025-04-25,Account,True
1085,4062,2025-06-15,Technical,True
1086,4062,2025-07-09,Technical,False
1087,3352,2024-08-11,Account,True
1088,3352,2025-02-01,Other,True
1089,2704,2024-11-27,Billing,True
1090,1275,2025-06-15,Account,True
1091,429,2024-08-25,Cancellation,True
1092,429,2025-06-09,Cancellation,True
1093,2552,2024-08-07,Other,True
1094,2384,2025-05-27,Cancellation,True
1095,1216,2025-01-19,Billing,True
1096,962,2025-06-08,Billing,False
1097,962,2025-07-01,Billing,True
1098,1470,2025-02-27,Cancellation,True
1099,1470,2025-02-14,Billing,False
1100,832,2025-07-17,Other,True
1101,832,2025-04-20,Account,True
1102,1483,2025-01-26,Billing,True
1103,1483,2025-06-29,Other,False
1104,1483,2024-12-20,Technical,False
1105,1877,2025-05-24,Billing,False
1106,1877,2025-06-06,Cancellation,True
1107,1877,2025-06-23,Account,False
1108,3762,2025-05-13,Billing,True
1109,3762,2024-10-27,Technical,False
1110,3762,2025-02-20,Technical,True
1111,722,2025-01-15,Technical,False
1112,1529,2025-03-09,Billing,True
1113,1167,2025-07-01,Technical,False
1114,1167,2025-05-20,Technical,True
1115,1167,2025-04-05,Account,True
1116,4467,2025-07-07,Technical,True
1117,2621,2024-09-13,Technical,True
1118,2621,2025-05-19,Other,True
1119,2621,2025-07-27,Other,True
1120,22,2025-01-09,Cancellation,True
1121,22,2025-04-10,Other,False
1122,3703,2025-06-10,Billing,False
1123,3703,2025-05-29,Technical,True
1124,3703,2025-05-11,Technical,True
1125,3027,2025-01-04,Technical,True
1126,1837,2025-05-31,Cancellation,True
1127,1837,2025-06-06,Other,True
1128,1837,2025-07-15,Billing,True
1129,1549,2024-07-26,Technical,False
1130,1549,2024-10-29,Other,True
1131,1006,2025-07-26,Account,True
1132,1006,2025-05-06,Billing,True
1133,2098,2025-05-23,Technical,True
1134,1361,2024-12-20,Cancellation,True
1135,2451,2025-05-25,Technical,False
1136,1479,2024-09-18,Other,True
1137,1479,2024-09-30,Billing,True
1138,1479,2024-11-06,Billing,True
1139,3440,2025-04-12,Technical,True
1140,3440,2025-04-01,Cancellation,True
1141,1642,2025-07-04,Technical,True
1142,1642,2025-06-11,Technical,True
1143,1642,2025-07-28,Technical,True
1144,1012,2025-01-14,Billing,True
1145,1012,2025-06-05,Billing,True
1146,1012,2024-12-22,Billing,True
1147,2057,2025-04-03,Billing,True
1148,2057,2024-09-11,Account,True
1149,1926,2025-03-16,Billing,True
1150,1926,2025-04-06,Account,True
1151,132,2025-04-14,Billing,True
1152,132,2025-05-15,Cancellation,True
1153,132,2025-04-01,Cancellation,True
1154,299,2025-01-11,Cancellation,True
1155,3215,2025-04-27,Account,True
1156,3215,2024-09-24,Account,True
1157,4011,2025-07-05,Technical,True
1158,1541,2025-02-24,Account,True
1159,1541,2025-05-19,Billing,True
1160,1541,2025-02-24,Technical,True
1161,2241,2025-02-28,Cancellation,True
1162,2241,2025-06-15,Technical,True
1163,2360,2024-11-28,Billing,True
1164,2360,2024-07-14,Other,True
1165,2694,2025-01-14,Billing,True
1166,2694,2025-05-15,Technical,True
1167,2694,2024-11-08,Account,True
1168,2268,2025-07-27,Technical,True
1169,2268,2025-04-25,Billing,False
1170,2268,2025-04-20,Technical,False
1171,2571,2024-08-17,Billing,True
1172,148,2025-02-13,Technical,False
1173,148,2024-05-18,Billing,True
1174,148,2024-11-03,Other,True
1175,4014,2025-05-03,Technical,True
1176,4014,2025-07-21,Technical,True
1177,4014,2025-05-29,Cancellation,True
1178,3334,2024-09-24,Billing,False
1179,4964,2024-07-17,Cancellation,True
1180,3658,2025-07-12,Account,True
1181,3354,2024-09-25,Technical,True
1182,3354,2024-06-13,Billing,True
1183,3354,2025-03-22,Technical,True
1184,1850,2025-07-20,Billing,True
1185,1850,2025-04-21,Other,True
1186,4568,2025-02-09,Billing,True
1187,4568,2024-08-25,Cancellation,True
1188,4568,2024-10-20,Technical,True
1189,237,2025-05-12,Other,True
1190,2665,2024-08-19,Other,True
1191,2665,2025-01-23,Technical,True
1192,4970,2025-07-14,Technical,False
1193,4970,2025-06-10,Billing,True
1194,4970,2025-07-26,Billing,True
1195,1527,2025-02-01,Billing,True
1196,1527,2024-07-12,Technical,True
1197,1527,2025-01-15,Account,True
1198,4735,2024-11-22,Account,True
1199,4735,2025-06-30,Billing,True
1200,4735,2025-01-16,Account,True
1201,3769,2024-12-13,Technical,True
1202,3769,2025-01-17,Other,True
1203,649,2025-05-16,Account,True
1204,3325,2025-06-20,Billing,False
1205,3325,2025-07-19,Other,True
1206,3325,2025-06-10,Technical,True
1207,2921,2024-12-23,Billing,True
1208,2921,2025-03-05,Billing,False
1209,2921,2025-03-08,Technical,True
1210,2668,2025-03-28,Technical,True
1211,2668,2025-05-12,Technical,False
1212,287,2024-10-18,Cancellation,True
1213,287,2025-01-24,Technical,False
1214,2576,2025-05-03,Technical,True
1215,2576,2025-05-21,Technical,True
1216,2576,2025-06-08,Technical,True
1217,1276,2025-07-26,Cancellation,True
1218,1276,2025-07-22,Other,True
1219,4796,2025-04-09,Other,True
1220,4796,2025-06-20,Account,True
1221,1501,2025-07-04,Technical,True
1222,1501,2025-05-31,Billing,True
1223,1501,2025-02-26,Technical,False
1224,201,2024-08-20,Technical,True
1225,201,2025-01-12,Account,True
1226,3136,2024-09-13,Other,True
1227,3136,2025-01-17,Technical,True
1228,3788,2025-06-08,Technical,True
1229,4034,2024-05-15,Technical,True
1230,3016,2025-07-22,Billing,True
1231,3016,2025-06-17,Billing,True
1232,3016,2025-07-27,Technical,True
1233,457,2024-10-07,Technical,True
1234,457,2025-01-05,Technical,True
1235,623,2024-11-26,Billing,True
1236,623,2024-05-13,Billing,True
1237,623,2024-07-04,Cancellation,True
1238,1682,2025-04-04,Technical,True
1239,1682,2025-07-30,Billing,True
1240,1682,2024-09-07,Account,True
1241,508,2025-03-19,Technical,False
1242,508,2025-01-23,Other,True
1243,508,2024-11-13,Billing,True
1244,3233,2024-07-06,Other,False
1245,772,2024-10-31,Technical,True
1246,189,2025-01-11,Cancellation,True
1247,189,2024-12-06,Billing,True
1248,23,2024-12-28,Cancellation,True
1249,23,2025-03-16,Technical,True
1250,4532,2025-02-24,Billing,True
1251,1347,2025-02-06,Other,False
1252,4671,2025-01-30,Account,True
1253,4671,2025-04-28,Billing,True
1254,2353,2024-09-02,Account,True
1255,2353,2025-04-23,Cancellation,True
1256,2353,2025-02-23,Other,True
1257,2150,2025-02-28,Technical,True
1258,2194,2025-02-15,Other,True
1259,2194,2025-03-28,Technical,True
1260,1075,2025-05-05,Billing,True
1261,1075,2025-06-03,Account,True
1262,143,2024-11-08,Cancellation,True
1263,143,2025-02-13,Cancellation,True
1264,143,2025-05-05,Account,True
1265,4979,2025-05-23,Technical,False
1266,1881,2024-04-17,Technical,False
1267,1881,2024-07-20,Cancellation,True
1268,1881,2024-05-26,Technical,True
1269,3861,2025-06-13,Billing,True
1270,3861,2024-07-01,Technical,True
1271,3861,2024-11-19,Cancellation,False
1272,1363,2025-07-24,Account,False
1273,1363,2025-01-19,Billing,False
1274,1962,2025-03-29,Technical,True
1275,1962,2024-12-06,Technical,True
1276,1962,2025-02-27,Other,True
1277,1249,2025-03-28,Account,True
1278,2531,2024-07-04,Technical,True
1279,2091,2025-07-28,Cancellation,True
1280,4143,2025-05-24,Account,True
1281,1272,2024-11-25,Technical,True
1282,1272,2025-05-28,Technical,False
1283,1272,2024-08-24,Billing,True
1284,1970,2024-05-25,Account,True
1285,1970,2025-06-14,Billing,True
1286,1970,2025-01-04,Technical,True
1287,852,2024-06-03,Technical,True
1288,3154,2024-07-06,Technical,True
1289,3154,2025-05-29,Other,False
1290,3154,2024-11-24,Technical,True
1291,4831,2025-04-01,Technical,True
1292,4831,2024-08-04,Cancellation,False
1293,3743,2025-06-08,Account,True
1294,3743,2025-04-23,Technical,True
1295,3743,2025-07-30,Account,True
1296,1646,2025-07-16,Technical,True
1297,1646,2024-12-01,Billing,True
1298,1646,2025-05-05,Technical,True
1299,2685,2024-05-25,Billing,True
1300,1397,2025-05-01,Cancellation,False
1301,1397,2025-02-22,Technical,True
1302,37,2025-06-23,Account,True
1303,37,2024-04-30,Technical,True
1304,37,2024-01-21,Cancellation,False
1305,2843,2025-03-11,Cancellation,True
1306,1415,2025-05-16,Cancellation,True
1307,1415,2025-05-28,Account,True
1308,1415,2024-09-29,Account,True
1309,3685,2025-01-11,Other,True
1310,3685,2025-03-31,Billing,True
1311,3685,2024-10-14,Other,False
1312,515,2025-06-05,Billing,True
1313,515,2024-07-26,Other,True
1314,515,2024-02-14,Technical,True
1315,4649,2024-12-12,Account,True
1316,4649,2024-11-14,Technical,False
1317,985,2025-06-28,Technical,True
1318,985,2025-05-31,Cancellation,True
1319,985,2025-07-26,Cancellation,True
1320,2683,2025-07-24,Billing,True
1321,2003,2024-09-13,Technical,True
1322,2003,2025-03-02,Other,True
1323,2003,2024-10-08,Account,False
1324,302,2025-01-08,Technical,True
1325,302,2025-07-29,Technical,True
1326,2294,2025-05-02,Other,True
1327,2294,2025-06-14,Billing,True
1328,2294,2025-03-03,Technical,True
1329,4550,2024-12-15,Technical,True
1330,4260,2024-06-09,Billing,True
1331,4260,2024-03-19,Billing,True
1332,851,2025-05-26,Technical,True
1333,2972,2025-07-01,Billing,True
1334,3622,2025-06-14,Cancellation,True
1335,3622,2025-06-26,Technical,True
1336,3622,2025-07-06,Account,True
1337,4082,2025-03-26,Technical,True
1338,3547,2024-12-29,Other,True
1339,3450,2025-04-23,Billing,True
1340,307,2025-03-31,Account,True
1341,307,2025-02-11,Cancellation,True
1342,1777,2025-02-23,Technical,True
1343,1777,2025-03-27,Account,False
1344,2376,2025-06-11,Technical,True
1345,2376,2025-05-22,Billing,True
1346,2376,2025-07-09,Technical,True
1347,1481,2024-06-13,Billing,True
1348,1481,2025-06-26,Cancellation,True
1349,2562,2025-07-22,Cancellation,True
1350,2562,2025-07-20,Account,True
1351,2562,2025-05-24,Billing,True
1352,1153,2025-02-10,Technical,True
1353,1153,2025-04-19,Other,True
1354,3238,2025-06-19,Other,False
1355,246,2024-11-08,Cancellation,True
1356,246,2025-06-05,Technical,True
1357,246,2025-01-07,Other,True
1358,1823,2025-07-06,Technical,True
1359,1823,2025-03-13,Account,True
1360,892,2024-12-26,Other,True
1361,892,2024-10-08,Billing,True
1362,892,2025-05-04,Account,True
1363,898,2024-05-11,Technical,True
1364,898,2024-06-16,Technical,True
1365,898,2025-07-07,Technical,True
1366,749,2025-03-10,Other,True
1367,749,2025-05-09,Account,False
1368,3481,2025-01-30,Other,True
1369,4312,2025-01-10,Billing,True
1370,4312,2025-04-03,Billing,True
1371,3250,2025-01-02,Other,True
1372,3250,2024-09-14,Technical,True
1373,3173,2024-10-05,Cancellation,True
1374,3173,2025-03-06,Billing,True
1375,3173,2024-10-04,Account,True
1376,1608,2025-03-26,Cancellation,True
1377,1608,2025-03-16,Technical,True
1378,1977,2025-01-31,Cancellation,True
1379,1977,2025-01-27,Billing,True
1380,1977,2025-05-30,Account,True
1381,1177,2025-01-22,Billing,True
1382,1177,2025-01-23,Technical,True
1383,1177,2025-03-09,Billing,True
1384,2517,2025-01-22,Cancellation,True
1385,4392,2025-06-10,Technical,True
1386,3745,2024-06-13,Other,False
1387,3745,2024-06-25,Billing,False
1388,3745,2024-10-24,Billing,True
1389,3684,2025-05-19,Technical,True
1390,3684,2024-10-21,Billing,False
1391,4823,2025-04-26,Cancellation,False
1392,569,2025-01-12,Technical,True
1393,3037,2024-09-25,Technical,True
1394,2735,2025-07-14,Technical,True
1395,2735,2025-06-18,Technical,True
1396,2735,2025-03-29,Account,True
1397,653,2025-04-28,Technical,True
1398,653,2025-07-28,Technical,True
1399,2278,2025-04-24,Account,True
1400,2603,2025-05-25,Account,True
1401,2603,2024-07-06,Other,False
1402,2603,2024-07-02,Technical,True
1403,1233,2025-02-11,Technical,True
1404,744,2024-03-13,Technical,True
1405,744,2024-06-09,Cancellation,True
1406,4884,2025-07-04,Technical,True
1407,4884,2025-05-24,Account,True
1408,3365,2025-07-09,Technical,False
1409,3365,2025-03-27,Billing,True
1410,633,2025-03-03,Cancellation,True
1411,394,2025-06-19,Technical,True
1412,394,2025-03-17,Technical,True
1413,394,2025-04-09,Billing,True
1414,3088,2025-04-12,Billing,False
1415,3088,2025-07-06,Account,False
1416,191,2024-12-31,Account,True
1417,191,2025-05-16,Technical,True
1418,191,2024-10-09,Billing,True
1419,10,2025-06-08,Technical,False
1420,10,2025-06-10,Technical,True
1421,10,2025-03-02,Technical,True
1422,1041,2025-06-19,Account,True
1423,1041,2025-07-12,Billing,True
1424,1041,2025-05-31,Technical,True
1425,2444,2025-03-23,Technical,True
1426,1378,2025-06-09,Billing,True
1427,1378,2025-05-20,Technical,False
1428,1378,2025-05-16,Technical,True
1429,1338,2025-01-18,Technical,False
1430,1338,2025-02-09,Cancellation,False
1431,1338,2025-01-17,Other,True
1432,629,2025-03-29,Other,True
1433,3183,2025-03-17,Technical,True
1434,3183,2024-12-15,Account,True
1435,15,2024-12-28,Technical,True
1436,15,2025-04-20,Cancellation,True
1437,2712,2024-10-26,Account,True
1438,2712,2025-03-24,Other,True
1439,2712,2024-03-05,Technical,True
1440,1355,2025-07-05,Billing,True
1441,1355,2025-03-25,Cancellation,True
1442,1355,2025-03-27,Technical,True
1443,2408,2024-08-21,Cancellation,True
1444,2408,2024-08-16,Cancellation,False
1445,3089,2025-01-02,Technical,True
1446,3089,2025-07-03,Technical,False
1447,3089,2025-02-01,Account,True
1448,2048,2025-05-30,Other,True
1449,2048,2025-05-28,Technical,True
1450,2048,2025-06-18,Technical,False
1451,723,2025-03-21,Account,True
1452,3805,2025-02-08,Technical,True
1453,1029,2025-04-04,Cancellation,True
1454,2449,2024-07-12,Billing,True
1455,2449,2024-11-18,Billing,True
1456,2449,2024-09-09,Other,True
1457,4257,2025-06-15,Billing,True
1458,4257,2025-06-26,Technical,True
1459,3047,2025-03-20,Account,True
1460,3047,2025-03-23,Technical,True
1461,3047,2025-07-04,Account,True
1462,1266,2025-02-17,Technical,True
1463,3497,2025-05-27,Billing,False
1464,3824,2025-06-20,Cancellation,True
1465,3824,2025-06-28,Cancellation,True
1466,1856,2025-01-23,Other,True
1467,1856,2024-11-29,Cancellation,True
1468,1856,2024-11-20,Other,True
1469,4939,2024-11-18,Technical,True
1470,4939,2025-04-13,Billing,True
1471,4939,2025-06-01,Other,True
1472,1261,2025-05-05,Cancellation,True
1473,1261,2025-07-29,Technical,True
1474,1261,2025-02-09,Cancellation,True
1475,2821,2024-09-23,Cancellation,True
1476,663,2024-05-11,Account,True
1477,1425,2025-05-01,Technical,True
1478,1425,2025-07-16,Billing,True
1479,1010,2025-05-26,Billing,True
1480,4512,2024-09-22,Billing,True
1481,4512,2025-05-28,Cancellation,True
1482,4512,2025-01-28,Cancellation,False
1483,1466,2025-07-22,Cancellation,True
1484,1466,2025-04-01,Cancellation,True
1485,1466,2025-05-12,Technical,True
1486,1743,2025-07-10,Technical,False
1487,1743,2025-05-13,Billing,True
1488,1743,2025-04-22,Cancellation,True
1489,1354,2025-01-19,Billing,True
1490,1354,2025-07-01,Technical,True
1491,425,2024-07-07,Billing,True
1492,2467,2025-04-28,Billing,True
1493,2467,2025-07-20,Technical,True
1494,2467,2025-06-22,Billing,True
1495,4777,2025-06-21,Cancellation,False
1496,4777,2025-07-04,Cancellation,True
1497,4777,2025-07-02,Technical,True
1498,3303,2025-06-08,Technical,True
1499,4686,2025-06-28,Technical,False
1500,4686,2025-04-13,Billing,False
1501,1803,2025-04-21,Technical,True
1502,1803,2024-09-05,Other,True
1503,2273,2025-07-29,Cancellation,False
1504,2273,2025-07-28,Technical,True
1505,4106,2025-04-19,Technical,False
1506,4106,2025-06-05,Technical,True
1507,1351,2024-07-26,Billing,True
1508,1351,2024-05-24,Account,True
1509,2841,2025-07-15,Technical,True
1510,2841,2024-09-24,Technical,False
1511,2841,2024-06-10,Billing,True
1512,1220,2025-02-09,Account,False
1513,1220,2025-07-07,Cancellation,False
1514,1220,2025-05-01,Billing,True
1515,4408,2025-04-16,Cancellation,True
1516,4408,2024-07-31,Cancellation,True
1517,4408,2024-09-02,Cancellation,True
1518,1258,2025-05-22,Technical,True
1519,1258,2025-04-14,Technical,True
1520,1258,2024-08-08,Account,True
1521,1461,2025-02-17,Technical,False
1522,1461,2024-11-20,Billing,True
1523,1461,2024-12-01,Other,True
1524,1888,2025-04-28,Technical,True
1525,1888,2025-07-23,Billing,True
1526,4591,2025-06-01,Cancellation,True
1527,4591,2025-04-27,Technical,True
1528,4591,2024-07-11,Account,True
1529,844,2024-10-22,Account,True
1530,4540,2024-08-14,Billing,True
1531,1764,2025-07-21,Billing,True
1532,1007,2025-05-29,Account,True
1533,1007,2025-07-21,Account,True
1534,1007,2025-07-23,Billing,True
1535,4548,2024-12-18,Cancellation,False
1536,4548,2024-11-05,Cancellation,True
1537,4548,2025-01-24,Billing,True
1538,1267,2025-07-11,Cancellation,True
1539,3312,2025-06-09,Account,True
1540,3312,2025-05-22,Account,True
1541,3807,2025-04-10,Technical,True
1542,3179,2025-07-09,Cancellation,True
1543,3179,2025-03-15,Technical,True
1544,3179,2024-07-04,Cancellation,True
1545,1747,2025-06-04,Technical,True
1546,4852,2025-06-02,Technical,True
1547,4852,2025-06-04,Technical,True
1548,2322,2025-03-04,Technical,False
1549,2322,2024-05-14,Billing,False
1550,691,2025-07-20,Technical,True
1551,1016,2024-11-15,Billing,True
1552,2978,2025-02-21,Technical,True
1553,2978,2024-05-21,Cancellation,True
1554,2978,2024-10-10,Technical,True
1555,2041,2025-05-05,Billing,True
1556,2041,2025-01-15,Other,True
1557,1160,2024-11-05,Account,True
1558,1769,2025-04-08,Account,True
1559,1769,2025-04-07,Technical,True
1560,3053,2025-02-07,Technical,True
1561,3053,2025-07-03,Technical,True
1562,3053,2025-06-21,Account,True
1563,4704,2024-08-28,Other,True
1564,3253,2025-02-12,Technical,True
1565,1990,2025-02-03,Billing,True
1566,1990,2025-01-21,Technical,True
1567,1990,2025-07-11,Cancellation,True
1568,4675,2025-07-14,Billing,True
1569,43,2024-11-23,Cancellation,True
1570,43,2025-06-25,Technical,True
1571,4468,2024-06-15,Billing,True
1572,739,2024-04-27,Billing,True
1573,739,2024-02-03,Cancellation,True
1574,739,2025-02-14,Billing,True
1575,2320,2024-12-17,Technical,True
1576,2320,2024-09-30,Technical,False
1577,3314,2025-05-29,Cancellation,True
1578,3314,2025-05-26,Account,True
1579,3314,2025-06-16,Technical,True
1580,2328,2025-01-27,Billing,True
1581,1013,2025-05-18,Account,True
1582,1013,2025-05-14,Billing,True
1583,1905,2025-05-28,Account,True
1584,1905,2025-06-09,Account,True
1585,1905,2024-08-03,Technical,True
1586,3073,2025-03-14,Account,True
1587,3073,2024-06-15,Billing,True
1588,1957,2025-07-19,Cancellation,True
1589,575,2025-05-20,Account,True
1590,575,2025-03-24,Account,True
1591,575,2025-06-25,Technical,True
1592,179,2025-01-19,Technical,True
1593,3271,2024-12-17,Billing,True
1594,3271,2025-04-04,Account,False
1595,4657,2025-05-03,Technical,True
1596,3473,2025-01-12,Technical,True
1597,3473,2025-05-21,Account,True
1598,670,2025-07-06,Billing,True
1599,670,2025-07-17,Cancellation,True
1600,4632,2024-12-19,Account,True
1601,4439,2024-11-05,Other,False
1602,4439,2025-07-06,Billing,True
1603,4439,2025-02-12,Technical,True
1604,3919,2025-06-15,Billing,True
1605,3919,2025-07-12,Technical,True
1606,3919,2024-11-28,Billing,True
1607,4944,2025-03-02,Technical,True
1608,3042,2025-07-12,Billing,True
1609,3042,2025-07-02,Account,True
1610,3042,2025-06-16,Billing,True
1611,3709,2025-05-20,Technical,True
1612,3694,2025-01-01,Billing,False
1613,3694,2024-09-27,Technical,True
1614,2613,2025-01-15,Technical,False
1615,2613,2025-03-10,Other,True
1616,4853,2024-12-06,Other,True
1617,4853,2025-01-01,Account,True
1618,1933,2025-02-25,Technical,True
1619,89,2024-11-24,Technical,True
1620,89,2024-12-12,Account,True
1621,89,2024-10-10,Billing,True
1622,1102,2025-05-21,Technical,False
1623,1102,2024-08-30,Billing,True
1624,3639,2024-07-06,Account,True
1625,3533,2024-09-26,Billing,True
1626,3533,2025-04-29,Cancellation,True
1627,3533,2025-01-11,Cancellation,False
1628,3403,2024-08-04,Technical,True
1629,3403,2025-06-10,Billing,True
1630,3403,2024-09-21,Technical,True
1631,4765,2025-05-15,Account,True
1632,4765,2025-06-01,Technical,True
1633,4804,2025-04-25,Account,True
1634,4804,2025-07-28,Technical,False
1635,2654,2025-04-17,Technical,True
1636,4100,2024-06-02,Technical,True
1637,4100,2025-02-09,Technical,True
1638,4731,2025-07-01,Account,False
1639,4731,2024-06-06,Billing,True
1640,4788,2025-05-17,Account,True
1641,4788,2025-01-18,Technical,False
1642,1816,2025-04-28,Account,True
1643,1816,2025-02-08,Technical,True
1644,1816,2025-03-26,Technical,True
1645,2624,2025-06-05,Technical,True
1646,2624,2024-07-10,Billing,True
1647,2624,2025-02-05,Technical,True
1648,142,2025-07-07,Cancellation,True
1649,2915,2024-05-01,Account,True
1650,2915,2024-07-29,Technical,True
1651,473,2025-05-23,Billing,True
1652,473,2025-07-26,Other,True
1653,2155,2025-03-11,Technical,True
1654,2155,2025-07-14,Cancellation,False
1655,2354,2025-07-12,Other,True
1656,1534,2025-01-17,Billing,False
1657,1534,2025-01-28,Billing,True
1658,674,2025-04-21,Technical,True
1659,674,2025-07-08,Billing,True
1660,1722,2024-11-03,Technical,False
1661,1464,2025-06-08,Cancellation,True
1662,1464,2025-05-14,Technical,True
1663,1464,2024-10-02,Billing,True
1664,462,2025-07-07,Billing,True
1665,3488,2025-05-06,Technical,False
1666,3488,2025-06-22,Billing,True
1667,4492,2025-01-22,Technical,True
1668,4492,2025-04-18,Billing,True
1669,2480,2025-03-21,Account,True
1670,2480,2024-11-29,Cancellation,False
1671,2480,2025-06-29,Technical,False
1672,979,2024-12-24,Technical,True
1673,3066,2024-05-09,Other,False
1674,4981,2025-04-11,Technical,True
1675,4981,2024-11-30,Billing,True
1676,4981,2025-01-02,Account,True
1677,2585,2025-02-17,Billing,True
1678,2417,2025-03-04,Billing,True
1679,2417,2025-05-03,Billing,False
1680,2881,2024-09-22,Billing,False
1681,2881,2024-09-28,Billing,True
1682,2881,2025-02-03,Billing,True
1683,4224,2025-06-07,Billing,True
1684,3468,2025-02-26,Cancellation,True
1685,2860,2025-02-22,Billing,False
1686,2860,2024-10-22,Account,True
1687,2860,2025-07-07,Technical,False
1688,707,2024-06-16,Billing,True
1689,2143,2024-09-02,Billing,False
1690,2143,2025-02-06,Technical,True
1691,2143,2025-03-18,Cancellation,True
1692,601,2025-07-16,Billing,False
1693,2805,2025-05-01,Billing,False
1694,3246,2025-04-14,Technical,True
1695,4708,2024-09-26,Technical,True
1696,4708,2025-06-02,Technical,True
1697,4708,2025-06-14,Billing,True
1698,721,2025-04-02,Billing,True
1699,271,2025-07-29,Technical,True
1700,271,2025-05-06,Billing,False
1701,271,2025-06-21,Other,False
1702,1691,2025-07-04,Technical,False
1703,1691,2025-01-30,Technical,True
1704,1691,2024-11-05,Account,True
1705,1841,2025-07-01,Account,True
1706,2671,2025-06-08,Technical,True
1707,2671,2025-07-03,Technical,True
1708,1303,2025-02-07,Billing,False
1709,1303,2025-06-16,Cancellation,True
1710,1187,2024-07-18,Technical,True
1711,1187,2025-01-16,Billing,True
1712,1971,2024-09-04,Billing,True
1713,4674,2025-05-12,Billing,True
1714,4674,2025-04-05,Cancellation,True
1715,4674,2025-06-26,Account,True
1716,328,2025-05-02,Technical,True
1717,328,2025-07-05,Cancellation,True
1718,4678,2024-10-26,Technical,True
1719,4678,2025-02-12,Billing,True
1720,579,2025-06-16,Technical,True
1721,579,2025-06-17,Technical,True
1722,579,2025-07-03,Account,True
1723,1644,2025-01-15,Other,True
1724,4694,2025-06-03,Cancellation,True
1725,4694,2025-06-16,Billing,False
1726,295,2025-02-01,Technical,True
1727,295,2024-12-14,Technical,True
1728,295,2025-02-17,Cancellation,True
1729,3389,2025-03-31,Technical,True
1730,3389,2025-01-08,Billing,True
1731,3389,2025-04-24,Account,True
1732,4847,2025-07-25,Billing,True
1733,4208,2024-07-13,Other,True
1734,4208,2025-02-15,Account,True
1735,4208,2024-07-05,Cancellation,True
1736,745,2025-06-18,Billing,True
1737,745,2024-12-02,Other,True
1738,2234,2025-04-27,Account,True
1739,2234,2025-07-18,Technical,True
1740,140,2024-08-20,Billing,True
1741,140,2025-07-14,Account,True
1742,140,2025-03-09,Technical,True
1743,445,2024-11-30,Account,True
1744,445,2024-12-05,Technical,True
1745,445,2025-01-24,Account,True
1746,3282,2024-05-16,Other,True
1747,3282,2025-04-24,Cancellation,True
1748,501,2024-08-20,Other,True
1749,291,2025-02-05,Other,True
1750,291,2024-09-16,Cancellation,True
1751,1156,2025-07-06,Billing,True
1752,1156,2024-03-14,Billing,True
1753,1855,2024-07-25,Cancellation,True
1754,3095,2025-06-05,Cancellation,True
1755,3095,2025-01-30,Cancellation,True
1756,3095,2025-02-06,Technical,True
1757,3025,2025-03-25,Account,True
1758,4918,2025-06-28,Technical,False
1759,4918,2024-07-16,Technical,False
1760,4918,2024-08-08,Billing,True
1761,576,2025-01-26,Technical,False
1762,576,2025-04-22,Other,True
1763,576,2025-02-06,Account,True
1764,3368,2024-11-08,Technical,True
1765,3368,2024-10-20,Billing,False
1766,3368,2025-04-01,Billing,True
1767,4656,2024-11-22,Cancellation,True
1768,4857,2024-04-24,Technical,True
1769,4857,2024-09-30,Cancellation,True
1770,175,2025-02-21,Cancellation,False
1771,912,2025-07-02,Account,True
1772,912,2024-08-08,Billing,True
1773,4318,2025-06-11,Account,False
1774,4318,2025-01-01,Account,True
1775,3586,2025-07-17,Billing,True
1776,3586,2025-01-11,Technical,True
1777,2017,2024-07-15,Account,True
1778,2017,2025-06-05,Cancellation,False
1779,2017,2025-05-01,Account,True
1780,1724,2025-07-10,Technical,True
1781,1724,2025-05-04,Technical,True
1782,2070,2025-04-06,Technical,True
1783,3988,2025-04-01,Account,True
1784,3988,2025-05-23,Technical,True
1785,3988,2025-01-09,Billing,True
1786,2389,2025-06-29,Billing,True
1787,2389,2025-02-10,Technical,True
1788,3207,2025-06-26,Billing,True
1789,312,2025-06-30,Technical,True
1790,312,2025-06-02,Account,False
1791,2113,2024-08-18,Technical,True
1792,2113,2025-01-16,Technical,True
1793,4908,2025-04-15,Technical,True
1794,4908,2025-05-28,Technical,True
1795,4908,2024-06-16,Other,True
1796,4864,2025-06-27,Cancellation,True
1797,720,2024-12-20,Technical,True
1798,720,2024-12-27,Technical,True
1799,202,2024-11-13,Technical,True
1800,1393,2025-07-15,Technical,True
1801,1393,2025-07-16,Technical,True
1802,1393,2025-05-23,Cancellation,True
1803,1918,2025-05-24,Technical,True
1804,231,2025-06-30,Account,True
1805,1675,2024-09-09,Technical,True
1806,3871,2025-06-02,Cancellation,True
1807,3871,2025-05-05,Cancellation,True
1808,3871,2025-04-25,Billing,True
1809,4770,2025-05-04,Cancellation,False
1810,1096,2025-04-07,Billing,True
1811,1096,2025-04-14,Technical,True
1812,1096,2025-05-01,Technical,True
1813,3921,2025-06-09,Cancellation,True
1814,3921,2025-07-06,Billing,True
1815,3921,2025-02-03,Technical,True
1816,769,2025-02-15,Billing,True
1817,1983,2024-06-23,Technical,False
1818,1983,2024-04-06,Technical,True
1819,1983,2025-07-16,Billing,True
1820,1298,2024-10-11,Account,True
1821,1298,2025-07-05,Billing,True
1822,2947,2025-05-28,Billing,True
1823,2947,2025-06-27,Billing,False
1824,2947,2025-07-07,Technical,True
1825,4375,2024-10-02,Technical,True
1826,4745,2025-05-05,Account,True
1827,4745,2024-08-07,Account,True
1828,4745,2024-03-16,Account,False
1829,2468,2025-03-16,Other,True
1830,2468,2025-04-30,Technical,True
1831,1667,2025-05-28,Account,True
1832,1667,2025-03-18,Billing,True
1833,1063,2025-05-26,Account,True
1834,1053,2025-07-12,Other,True
1835,1053,2025-06-12,Billing,True
1836,1053,2025-05-31,Billing,True
1837,599,2025-01-18,Billing,True
1838,2010,2024-10-13,Cancellation,True
1839,2010,2025-02-11,Billing,True
1840,2010,2025-03-24,Other,True
1841,282,2024-02-28,Technical,True
1842,282,2024-07-05,Technical,True
1843,942,2025-06-13,Account,False
1844,4900,2025-07-26,Billing,True
1845,4900,2024-08-22,Billing,True
1846,1791,2025-04-16,Technical,True
1847,1791,2024-11-15,Cancellation,True
1848,3044,2025-07-15,Technical,True
1849,3044,2025-07-02,Account,True
1850,2512,2025-04-23,Billing,True
1851,2512,2024-07-20,Billing,True
1852,4701,2025-04-01,Technical,False
1853,70,2024-09-16,Technical,True
1854,2834,2024-08-23,Cancellation,True
1855,2834,2025-04-03,Technical,True
1856,2834,2025-04-23,Billing,True
1857,79,2025-02-24,Cancellation,False
1858,49,2025-05-20,Cancellation,True
1859,1773,2024-09-01,Cancellation,True
1860,3064,2025-05-11,Technical,True
1861,3064,2025-01-24,Billing,True
1862,4141,2025-07-04,Technical,False
1863,860,2025-01-23,Billing,True
1864,860,2025-04-05,Billing,True
1865,860,2025-07-07,Technical,True
1866,1633,2025-05-12,Billing,True
1867,1633,2025-07-25,Technical,True
1868,1961,2024-12-31,Cancellation,True
1869,1961,2025-05-09,Billing,True
1870,1961,2025-04-03,Technical,False
1871,4103,2025-06-07,Billing,True
1872,4103,2025-02-25,Billing,True
1873,4103,2025-07-12,Cancellation,True
1874,2780,2025-03-25,Account,True
1875,1277,2025-02-24,Technical,True
1876,2555,2025-04-10,Billing,True
1877,2555,2024-03-26,Cancellation,False
1878,1603,2024-09-27,Billing,True
1879,1603,2025-03-02,Technical,False
1880,4916,2024-03-03,Billing,True
1881,4916,2024-12-01,Technical,True
1882,4916,2024-11-17,Billing,True
1883,3803,2025-02-28,Billing,False
1884,263,2024-11-04,Technical,True
1885,263,2024-06-11,Cancellation,True
1886,1256,2024-12-13,Account,False
1887,1256,2025-02-10,Billing,True
1888,1256,2025-07-12,Account,True
1889,4960,2025-02-09,Other,False
1890,4960,2025-01-24,Technical,False
1891,1620,2025-07-02,Technical,True
1892,1620,2025-05-08,Technical,True
1893,4303,2024-12-10,Billing,True
1894,4303,2025-04-17,Account,True
1895,1535,2025-02-25,Cancellation,True
1896,27,2024-09-14,Billing,True
1897,368,2025-06-30,Technical,False
1898,368,2025-07-04,Other,True
1899,4274,2024-12-20,Technical,True
1900,3849,2024-06-07,Cancellation,True
1901,3849,2024-06-17,Technical,True
1902,4432,2024-09-08,Account,True
1903,4178,2025-01-29,Technical,True
1904,1952,2025-02-20,Technical,True
1905,1793,2025-04-12,Technical,True
1906,1793,2024-04-28,Billing,True
1907,4911,2025-02-06,Technical,True
1908,889,2025-06-08,Other,True
1909,889,2025-04-07,Billing,True
1910,889,2025-06-06,Account,True
1911,3283,2025-02-03,Billing,True
1912,3283,2025-07-20,Account,True
1913,3283,2025-04-17,Technical,True
1914,504,2025-03-26,Other,True
1915,4020,2025-03-03,Technical,False
1916,4020,2025-03-05,Account,True
1917,4020,2025-07-15,Account,True
1918,4421,2024-11-17,Billing,True
1919,4421,2024-09-17,Cancellation,True
1920,4421,2024-09-13,Other,False
1921,1734,2024-07-07,Technical,False
1922,1734,2024-11-26,Account,True
1923,1734,2025-04-24,Technical,True
1924,4569,2025-06-18,Billing,True
1925,4569,2024-08-09,Technical,True
1926,4401,2025-03-26,Cancellation,True
1927,2337,2025-06-25,Account,True
1928,2337,2025-05-01,Billing,False
1929,4803,2025-01-19,Billing,True
1930,4803,2025-06-22,Account,True
1931,4803,2025-02-06,Technical,False
1932,2341,2025-03-27,Technical,True
1933,2341,2025-06-22,Technical,True
1934,2341,2024-11-25,Other,True
1935,2911,2025-05-23,Technical,True
1936,2911,2025-06-26,Account,True
1937,1419,2024-03-09,Cancellation,True
1938,1419,2025-04-18,Technical,True
1939,3789,2025-05-21,Billing,True
1940,3789,2025-07-08,Technical,True
1941,2681,2025-05-04,Account,False
1942,2681,2025-07-29,Billing,False
1943,2681,2024-12-13,Technical,True
1944,1173,2025-07-03,Billing,True
1945,4781,2025-06-26,Cancellation,False
1946,4244,2025-06-20,Technical,True
1947,4244,2025-05-25,Cancellation,False
1948,3321,2025-03-21,Account,True
1949,3321,2025-01-14,Other,True
1950,235,2025-02-26,Other,True
1951,1731,2024-12-20,Technical,True
1952,1731,2025-06-22,Technical,True
1953,3097,2025-05-29,Billing,True
1954,265,2025-05-06,Account,True
1955,265,2024-11-20,Cancellation,True
1956,4501,2024-10-21,Other,True
1957,2253,2024-07-03,Cancellation,True
1958,2253,2025-05-07,Billing,True
1959,2253,2024-10-31,Technical,True
1960,1333,2025-05-27,Billing,True
1961,1333,2024-11-10,Cancellation,True
1962,1333,2024-11-15,Other,True
1963,3702,2024-11-08,Account,True
1964,3702,2025-01-11,Technical,True
1965,3702,2024-09-03,Technical,True
1966,2282,2025-06-11,Technical,True
1967,2282,2025-06-15,Other,True
1968,2282,2025-05-14,Account,True
1969,224,2024-11-11,Account,True
1970,4549,2025-05-27,Technical,True
1971,4549,2025-06-21,Billing,True
1972,4624,2024-07-06,Billing,True
1973,4624,2024-12-26,Technical,True
1974,4624,2024-07-20,Technical,True
1975,3655,2025-05-28,Technical,False
1976,3655,2025-05-14,Technical,True
1977,1051,2025-02-27,Account,True
1978,1051,2024-12-25,Technical,True
1979,1051,2025-06-02,Technical,True
1980,172,2025-02-11,Technical,True
1981,172,2025-07-12,Other,True
1982,172,2025-02-08,Technical,True
1983,453,2024-08-19,Cancellation,True
1984,453,2024-12-09,Account,True
1985,453,2024-07-09,Technical,False
1986,1923,2024-10-28,Billing,True
1987,2442,2024-10-12,Cancellation,False
1988,2442,2024-06-07,Technical,True
1989,4434,2025-05-23,Billing,False
1990,4434,2025-07-25,Account,True
1991,4434,2025-07-29,Billing,True
1992,800,2024-06-19,Cancellation,True
1993,800,2024-09-19,Billing,True
1994,800,2025-01-02,Technical,False
1995,1925,2025-04-18,Technical,True
1996,1925,2025-06-12,Technical,False
1997,1925,2025-06-08,Billing,True
1998,2401,2025-05-08,Technical,False
1999,2401,2025-07-06,Cancellation,True
2000,456,2024-04-08,Billing,True
2001,456,2024-04-01,Billing,False
2002,4480,2025-05-18,Other,True
2003,4480,2025-02-19,Billing,True
2004,4480,2024-11-06,Technical,True
2005,1840,2025-05-21,Technical,True
2006,1840,2025-01-19,Other,True
2007,1840,2025-06-04,Cancellation,True
2008,2623,2024-05-13,Technical,True
2009,2623,2024-12-08,Billing,True
2010,2623,2025-01-22,Other,True
2011,1907,2025-02-05,Technical,True
2012,1907,2025-07-08,Technical,True
2013,2307,2025-03-29,Other,False
2014,3741,2025-07-07,Billing,False
2015,626,2024-05-24,Billing,True
2016,626,2024-05-02,Billing,True
2017,626,2025-03-01,Cancellation,True
2018,843,2024-04-30,Account,True
2019,565,2024-10-10,Account,True
2020,3346,2025-06-25,Other,True
2021,3165,2025-03-08,Billing,True
2022,4165,2025-02-23,Account,True
2023,4165,2025-02-22,Other,True
2024,4165,2024-10-24,Cancellation,True
2025,2632,2024-11-16,Account,True
2026,2632,2025-03-25,Technical,True
2027,647,2025-06-16,Technical,True
2028,647,2025-06-10,Technical,True
2029,113,2025-04-04,Technical,True
2030,2364,2024-10-26,Cancellation,True
2031,2364,2024-11-02,Technical,True
2032,2364,2024-05-18,Billing,True
2033,1498,2024-07-06,Billing,True
2034,4945,2024-12-08,Billing,True
2035,4945,2024-12-22,Technical,False
2036,4945,2024-12-04,Cancellation,True
2037,4207,2025-01-25,Billing,True
2038,4207,2025-04-21,Billing,True
2039,258,2024-10-11,Billing,True
2040,1377,2025-03-14,Technical,False
2041,1377,2025-07-28,Technical,False
2042,3636,2025-01-26,Technical,True
2043,1886,2025-05-06,Other,True
2044,1886,2025-01-16,Cancellation,True
2045,1886,2025-02-27,Technical,False
2046,153,2025-02-01,Other,True
2047,153,2025-03-11,Billing,False
2048,153,2025-03-10,Billing,True
2049,353,2025-06-09,Billing,True
2050,353,2025-02-15,Account,True
2051,106,2025-07-23,Billing,True
2052,2287,2025-05-31,Account,True
2053,2287,2025-06-20,Billing,True
2054,1660,2025-06-23,Other,True
2055,2298,2025-04-26,Billing,True
2056,2298,2025-07-11,Billing,True
2057,2298,2025-04-27,Billing,True
2058,4094,2025-04-09,Other,True
2059,4094,2025-06-09,Billing,True
2060,4379,2025-06-10,Billing,True
2061,4379,2025-06-04,Technical,True
2062,4983,2024-11-29,Cancellation,True
2063,4983,2024-12-06,Cancellation,True
2064,4983,2025-03-11,Billing,True
2065,1752,2025-01-24,Billing,True
2066,1820,2025-06-28,Technical,False
2067,1820,2025-05-14,Technical,True
2068,1820,2025-06-17,Account,True
2069,4321,2025-04-26,Technical,True
2070,4321,2025-05-18,Billing,True
2071,4546,2024-06-12,Cancellation,True
2072,4546,2024-10-13,Billing,True
2073,3719,2025-06-26,Technical,True
2074,149,2025-04-09,Billing,True
2075,149,2024-10-11,Cancellation,True
2076,149,2024-12-11,Technical,True
2077,3175,2025-04-30,Billing,True
2078,1108,2025-02-18,Cancellation,True
2079,1108,2025-01-15,Billing,True
2080,1108,2025-01-22,Cancellation,True
2081,412,2025-06-12,Technical,True
2082,412,2025-05-15,Other,True
2083,1005,2025-02-18,Other,True
2084,2949,2025-02-01,Cancellation,True
2085,2949,2025-03-13,Billing,True
2086,3833,2025-06-28,Technical,True
2087,3833,2025-07-06,Account,True
2088,3833,2025-06-19,Cancellation,False
2089,3404,2024-12-28,Cancellation,True
2090,3404,2025-01-25,Cancellation,True
2091,1917,2025-03-02,Billing,True
2092,1917,2025-07-01,Account,True
2093,1696,2025-07-09,Technical,True
2094,1696,2024-12-29,Billing,False
2095,1696,2025-02-20,Other,True
2096,2083,2025-06-19,Technical,True
2097,3460,2025-06-22,Account,True
2098,3460,2025-07-12,Technical,True
2099,1304,2025-03-05,Cancellation,True
2100,1304,2025-07-08,Billing,True
2101,1304,2025-03-28,Technical,True
2102,66,2025-06-28,Cancellation,True
2103,66,2025-03-10,Other,False
2104,3385,2025-07-02,Billing,True
2105,3385,2025-07-17,Technical,True
2106,3385,2025-06-08,Technical,True
2107,3107,2025-03-03,Cancellation,True
2108,2288,2025-05-09,Billing,True
2109,2288,2025-05-09,Technical,True
2110,3543,2025-07-29,Technical,True
2111,3543,2025-04-22,Billing,True
2112,3543,2025-05-17,Other,True
2113,954,2025-02-24,Technical,True
2114,954,2025-07-24,Cancellation,True
2115,954,2025-07-12,Billing,True
2116,4145,2025-05-09,Technical,True
2117,4145,2024-09-16,Billing,True
2118,2844,2024-11-19,Technical,False
2119,870,2024-07-14,Billing,False
2120,870,2025-04-11,Technical,True
2121,870,2025-06-27,Technical,True
2122,2179,2024-11-28,Other,True
2123,2179,2025-06-23,Technical,True
2124,2179,2025-01-25,Billing,True
2125,699,2025-07-14,Technical,True
2126,699,2024-12-27,Cancellation,True
2127,1772,2025-07-27,Technical,True
2128,1772,2025-07-09,Technical,True
2129,1772,2025-06-10,Technical,True
2130,2391,2025-04-27,Technical,True
2131,2391,2025-07-24,Technical,True
2132,2391,2025-06-28,Technical,True
2133,4008,2025-07-13,Other,False
2134,464,2024-12-27,Account,True
2135,2005,2025-03-27,Cancellation,True
2136,2005,2025-03-17,Technical,True
2137,4749,2025-02-17,Technical,True
2138,4749,2024-10-17,Other,True
2139,4749,2025-06-17,Technical,True
2140,194,2024-06-13,Technical,True
2141,194,2024-11-30,Technical,True
2142,2880,2025-05-03,Billing,True
2143,2880,2025-06-25,Technical,True
2144,610,2025-06-27,Other,False
2145,4358,2025-01-03,Technical,False
2146,3345,2025-03-31,Billing,True
2147,988,2025-05-16,Billing,True
2148,4650,2025-06-20,Cancellation,False
2149,4650,2025-06-17,Other,True
2150,2955,2025-05-20,Technical,True
2151,2955,2025-07-28,Technical,True
2152,2955,2025-01-19,Technical,False
2153,826,2025-01-27,Billing,True
2154,826,2025-04-11,Technical,True
2155,826,2024-11-16,Billing,True
2156,2031,2024-08-29,Cancellation,True
2157,3300,2024-07-20,Other,True
2158,3300,2025-03-22,Billing,True
2159,2026,2024-05-27,Technical,True
2160,2026,2025-07-20,Technical,True
2161,1237,2025-04-08,Cancellation,False
2162,1237,2024-04-15,Technical,True
2163,1288,2024-11-12,Technical,True
2164,1288,2024-07-04,Other,True
2165,90,2024-03-31,Other,False
2166,90,2024-11-01,Cancellation,True
2167,2188,2025-05-15,Billing,True
2168,2188,2025-05-07,Technical,True
2169,4957,2025-05-08,Technical,True
2170,4957,2025-01-13,Technical,False
2171,471,2025-07-26,Technical,False
2172,4601,2025-02-05,Billing,True
2173,4943,2024-11-01,Technical,True
2174,3055,2025-05-27,Cancellation,True
2175,1349,2025-04-19,Billing,True
2176,1349,2025-03-23,Cancellation,True
2177,1349,2025-04-21,Cancellation,True
2178,4764,2024-08-16,Technical,True
2179,4764,2024-05-06,Other,True
2180,4842,2025-04-26,Technical,True
2181,4842,2025-02-14,Technical,True
2182,4842,2024-07-05,Technical,True
2183,2495,2025-06-21,Billing,True
2184,3526,2024-09-26,Technical,True
2185,4444,2024-06-02,Other,True
2186,3905,2025-05-06,Account,True
2187,1869,2024-10-30,Cancellation,True
2188,1281,2025-07-07,Technical,True
2189,3578,2025-01-27,Technical,True
2190,3578,2025-03-28,Billing,False
2191,941,2024-06-29,Account,True
2192,941,2025-06-01,Cancellation,True
2193,941,2025-03-05,Account,True
2194,4050,2024-11-10,Billing,True
2195,4050,2025-03-20,Technical,True
2196,4050,2025-04-10,Other,False
2197,981,2025-04-16,Billing,True
2198,981,2025-07-11,Cancellation,True
2199,11,2025-06-14,Billing,True
2200,3937,2025-07-15,Cancellation,True
2201,1699,2025-04-17,Technical,True
2202,1699,2025-05-18,Technical,False
2203,1229,2025-05-03,Technical,True
2204,1229,2024-12-08,Other,True
2205,3947,2025-06-20,Cancellation,True
2206,3947,2025-03-02,Billing,True
2207,2161,2025-05-28,Account,False
2208,2161,2025-05-05,Technical,True
2209,4194,2024-10-23,Other,True
2210,4194,2025-07-19,Billing,True
2211,4194,2025-07-21,Cancellation,True
2212,240,2025-06-13,Technical,True
2213,240,2025-05-31,Cancellation,True
2214,3772,2025-05-19,Cancellation,True
2215,3539,2024-09-12,Billing,True
2216,3539,2025-06-15,Cancellation,True
2217,3539,2025-07-12,Technical,True
2218,382,2025-05-28,Billing,True
2219,4747,2024-04-03,Technical,False
2220,4747,2024-01-24,Account,True
2221,4747,2024-04-17,Other,True
2222,4605,2024-05-27,Technical,True
2223,4605,2025-06-21,Technical,True
2224,3247,2024-03-26,Billing,True
2225,4641,2025-03-03,Technical,True
2226,741,2025-05-28,Billing,True
2227,741,2024-09-02,Technical,True
2228,741,2025-05-04,Technical,True
2229,681,2025-02-16,Technical,False
2230,681,2025-06-28,Technical,True
2231,681,2025-06-10,Other,True
2232,4000,2025-06-09,Technical,True
2233,4000,2025-06-26,Billing,True
2234,2275,2024-12-20,Technical,True
2235,2275,2025-04-25,Technical,True
2236,4718,2025-05-30,Technical,True
2237,4718,2024-12-28,Technical,True
2238,4200,2025-04-29,Technical,True
2239,1280,2024-02-29,Technical,True
2240,3554,2024-04-03,Technical,True
2241,3554,2024-02-27,Cancellation,True
2242,3554,2025-01-25,Cancellation,True
2243,183,2024-12-05,Technical,True
2244,4782,2025-05-25,Other,False
2245,4782,2025-06-19,Technical,True
2246,2192,2025-03-30,Account,True
2247,29,2024-09-12,Technical,True
2248,304,2025-05-27,Other,True
2249,304,2025-04-02,Other,True
2250,4290,2025-05-10,Technical,True
2251,4290,2024-10-04,Cancellation,True
2252,3710,2025-05-06,Cancellation,True
2253,3710,2025-04-17,Technical,True
2254,4662,2025-02-19,Technical,True
2255,2939,2024-09-03,Other,True
2256,4709,2025-04-11,Technical,True
2257,4709,2024-11-05,Billing,False
2258,4709,2024-12-01,Cancellation,True
2259,4511,2025-01-25,Technical,True
2260,4511,2024-06-24,Technical,True
2261,4511,2024-02-08,Technical,False
2262,4015,2024-09-22,Technical,True
2263,4102,2024-11-08,Other,True
2264,4134,2024-09-03,Billing,False
2265,4848,2025-03-08,Technical,True
2266,4848,2024-11-07,Technical,True
2267,1205,2024-12-08,Technical,True
2268,3796,2025-04-01,Other,True
2269,3796,2024-12-05,Billing,True
2270,3796,2024-09-24,Account,True
2271,2428,2025-02-28,Account,True
2272,1659,2025-05-05,Account,False
2273,1659,2025-04-27,Other,True
2274,1495,2025-04-02,Technical,True
2275,373,2025-02-10,Technical,True
2276,373,2024-09-16,Cancellation,True
2277,373,2025-05-30,Technical,True
2278,4968,2025-07-21,Other,False
2279,4968,2024-04-13,Technical,True
2280,4968,2024-08-25,Technical,True
2281,2344,2025-05-17,Technical,True
2282,2344,2024-12-16,Technical,False
2283,2344,2024-12-28,Billing,True
2284,3992,2024-09-26,Account,True
2285,3992,2024-12-04,Technical,False
2286,1891,2024-06-25,Account,True
2287,1891,2024-03-06,Billing,True
2288,1891,2024-07-25,Billing,True
2289,3967,2025-07-16,Technical,True
2290,2042,2025-02-09,Cancellation,False
2291,2042,2025-07-18,Account,True
2292,3583,2024-11-16,Billing,True
2293,2196,2025-05-04,Technical,True
2294,2196,2025-07-15,Technical,True
2295,734,2025-02-19,Billing,True
2296,734,2025-02-06,Other,True
2297,2465,2025-06-24,Technical,True
2298,2465,2025-07-09,Cancellation,True
2299,3099,2025-07-23,Account,True
2300,3099,2025-06-27,Account,False
2301,3669,2025-05-27,Other,False
2302,3669,2025-06-02,Account,True
2303,2390,2025-04-24,Billing,False
2304,3502,2024-08-12,Technical,True
2305,3502,2024-06-24,Billing,True
2306,3502,2025-04-03,Account,True
2307,3653,2025-07-28,Cancellation,True
2308,3653,2024-12-14,Cancellation,True
2309,4775,2025-05-26,Technical,True
2310,2299,2024-12-17,Technical,True
2311,2847,2025-05-23,Billing,True
2312,2847,2025-05-30,Technical,True
2313,2847,2024-07-05,Billing,True
2314,2239,2025-04-30,Billing,True
2315,2239,2025-05-23,Account,True
2316,2239,2025-03-30,Cancellation,True
2317,2540,2025-03-20,Billing,True
2318,2540,2024-11-22,Technical,True
2319,2630,2025-05-29,Billing,True
2320,2630,2024-09-19,Account,True
2321,195,2024-03-09,Cancellation,True
2322,195,2024-03-08,Other,True
2323,195,2025-06-23,Technical,True
2324,2263,2025-01-02,Account,True
2325,4276,2025-07-08,Billing,True
2326,4276,2025-04-15,Technical,True
2327,2410,2024-06-27,Other,True
2328,2410,2024-06-28,Technical,True
2329,2410,2025-04-12,Account,True
2330,660,2025-04-21,Other,True
2331,660,2024-10-09,Billing,True
2332,660,2025-03-12,Technical,True
2333,3750,2025-02-22,Technical,True
2334,3750,2025-03-17,Technical,True
2335,3750,2025-06-23,Technical,True
2336,4859,2024-09-27,Technical,True
2337,4859,2024-07-06,Technical,False
2338,4859,2024-12-12,Billing,True
2339,448,2025-04-13,Billing,True
2340,448,2025-05-28,Technical,False
2341,448,2025-07-26,Billing,True
2342,571,2024-12-31,Cancellation,False
2343,571,2025-02-15,Account,True
2344,571,2025-04-22,Technical,True
2345,848,2025-04-16,Technical,True
2346,848,2025-02-22,Cancellation,True
2347,848,2025-06-04,Billing,True
2348,3307,2024-11-30,Technical,True
2349,1011,2025-02-20,Technical,True
2350,4973,2025-06-26,Technical,False
2351,4973,2024-11-17,Technical,False
2352,4973,2024-09-06,Technical,True
2353,2641,2025-01-09,Other,True
2354,2641,2025-06-23,Technical,False
2355,2641,2024-11-28,Other,True
2356,4812,2025-05-06,Technical,True
2357,4812,2025-03-28,Other,True
2358,3293,2025-06-21,Account,True
2359,3293,2025-07-23,Cancellation,True
2360,3293,2025-06-15,Technical,True
2361,3705,2025-01-14,Billing,True
2362,3705,2024-07-10,Technical,True
2363,1671,2024-08-24,Billing,True
2364,1671,2024-12-21,Technical,True
2365,1671,2025-04-18,Technical,True
2366,98,2024-10-23,Billing,True
2367,3843,2025-03-06,Account,True
2368,1904,2025-05-22,Account,True
2369,1904,2025-05-31,Other,True
2370,1904,2025-05-30,Cancellation,True
2371,2720,2025-01-16,Billing,True
2372,2720,2025-04-19,Technical,True
2373,2720,2025-01-08,Billing,True
2374,4846,2025-05-01,Technical,True
2375,4846,2025-06-24,Technical,False
2376,4846,2025-06-10,Account,True
2377,4820,2024-09-16,Other,True
2378,4820,2025-01-22,Cancellation,True
2379,4820,2025-02-23,Technical,True
2380,2929,2025-06-27,Technical,True
2381,3429,2025-04-26,Technical,True
2382,3429,2025-06-04,Other,True
2383,3429,2025-06-24,Account,False
2384,2527,2025-03-20,Technical,True
2385,2527,2025-05-07,Account,True
2386,2527,2025-02-17,Cancellation,True
2387,483,2024-09-06,Cancellation,True
2388,2142,2024-12-25,Technical,True
2389,2142,2024-08-31,Technical,True
2390,3697,2024-10-01,Cancellation,True
2391,977,2024-07-15,Cancellation,True
2392,1801,2025-01-07,Technical,True
2393,3137,2024-12-27,Technical,True
2394,3696,2024-05-28,Cancellation,True
2395,3696,2024-09-10,Other,True
2396,3696,2024-08-13,Technical,True
2397,1078,2025-07-24,Technical,True
2398,2928,2024-11-07,Billing,True
2399,2928,2025-06-07,Other,True
2400,2928,2025-06-22,Billing,False
2401,4091,2025-04-04,Cancellation,True
2402,2406,2024-10-28,Account,False
2403,2406,2024-11-09,Technical,True
2404,2406,2024-06-04,Technical,True
2405,1960,2025-03-20,Billing,False
2406,1960,2025-05-26,Cancellation,False
2407,1960,2024-12-14,Account,True
2408,2045,2024-08-25,Billing,True
2409,3485,2025-01-15,Billing,True
2410,3485,2025-06-12,Technical,True
2411,605,2025-02-03,Technical,True
2412,605,2025-06-26,Billing,True
2413,605,2025-03-17,Technical,False
2414,4672,2025-02-22,Account,True
2415,612,2025-03-13,Cancellation,False
2416,554,2025-01-10,Other,True
2417,554,2025-06-04,Account,True
2418,554,2024-10-01,Cancellation,True
2419,272,2025-03-15,Account,True
2420,272,2025-03-22,Technical,True
2421,272,2025-02-09,Account,True
2422,2310,2025-06-04,Billing,True
2423,2310,2025-06-01,Technical,True
2424,4636,2025-07-14,Cancellation,False
2425,4636,2025-04-09,Technical,True
2426,4636,2025-06-07,Billing,True
2427,3825,2024-10-29,Technical,True
2428,3825,2025-01-09,Billing,True
2429,3825,2025-06-11,Cancellation,True
2430,4197,2025-04-22,Technical,True
2431,4197,2024-06-01,Billing,True
2432,693,2024-12-25,Technical,True
2433,2318,2024-10-18,Technical,False
2434,2318,2025-07-25,Technical,True
2435,2318,2025-07-14,Account,True
2436,2861,2025-07-15,Billing,True
2437,2861,2025-06-17,Technical,True
2438,2861,2025-03-29,Technical,False
2439,733,2025-05-06,Other,False
2440,733,2025-07-09,Cancellation,True
2441,733,2025-06-20,Account,False
2442,2120,2025-02-01,Billing,True
2443,2120,2025-03-03,Technical,True
2444,2569,2025-07-02,Technical,True
2445,2569,2025-02-23,Technical,True
2446,2474,2025-07-20,Billing,True
2447,2474,2024-11-22,Cancellation,True
2448,4285,2025-03-27,Billing,False
2449,1222,2025-02-09,Cancellation,True
2450,1222,2024-11-26,Account,True
2451,1519,2025-04-26,Technical,True
2452,700,2025-03-15,Billing,True
2453,700,2025-07-09,Billing,True
2454,4175,2025-06-01,Technical,True
2455,4175,2025-06-24,Account,True
2456,4175,2025-05-27,Cancellation,True
2457,2842,2025-07-11,Account,True
2458,2842,2025-02-06,Technical,True
2459,1068,2025-03-08,Other,True
2460,4652,2025-03-29,Technical,True
2461,4652,2024-10-27,Technical,True
2462,1980,2025-02-14,Technical,True
2463,2645,2024-08-25,Account,False
2464,2645,2024-10-08,Billing,True
2465,3339,2025-07-13,Billing,True
2466,2714,2025-07-13,Other,True
2467,2714,2025-06-23,Billing,True
2468,918,2025-06-26,Technical,True
2469,918,2025-07-20,Technical,True
2470,1030,2025-04-06,Technical,True
2471,1030,2024-07-26,Billing,True
2472,585,2024-10-16,Billing,True
2473,585,2025-03-24,Technical,True
2474,334,2024-11-15,Technical,True
2475,1916,2024-09-18,Cancellation,True
2476,1916,2024-05-11,Billing,True
2477,3507,2025-06-20,Cancellation,True
2478,2833,2025-01-10,Technical,False
2479,424,2025-05-01,Technical,True
2480,2961,2024-12-29,Cancellation,True
2481,2961,2024-12-24,Technical,True
2482,3209,2024-06-13,Technical,True
2483,3619,2025-02-14,Cancellation,False
2484,3619,2025-05-08,Billing,True
2485,2995,2025-05-06,Technical,True
2486,2995,2025-05-05,Technical,False
2487,2995,2024-10-11,Other,True
2488,3779,2025-07-27,Billing,True
2489,3779,2025-04-04,Technical,False
2490,3779,2025-04-11,Account,True
2491,1697,2024-08-30,Billing,True
2492,4910,2025-02-11,Cancellation,True
2493,982,2024-08-10,Account,True
2494,281,2025-03-17,Account,True
2495,281,2025-01-14,Other,False
2496,2963,2025-07-17,Billing,True
2497,2520,2025-02-19,Billing,True
2498,2520,2025-01-17,Billing,True
2499,2520,2025-04-09,Technical,False
2500,3979,2025-06-21,Cancellation,True
2501,1455,2025-02-17,Technical,True
2502,1455,2025-05-02,Technical,True
2503,408,2025-04-16,Technical,True
2504,408,2025-04-06,Technical,True
2505,408,2024-06-29,Cancellation,True
2506,510,2025-07-09,Technical,True
2507,510,2025-05-04,Account,True
2508,510,2025-06-09,Technical,True
